r1_session,r2_session,r1_to_r2,r2_to_r1,gap,self_r1,self_r2,self_test_gap,ceiling_adjusted_gap,target_normalized_gap
TYTR20250206_0830_staticAndStaticFree001,TYTR20250304_0830_interferenceAndInterferenceFree001,0.4396457478611114,0.3448731279221669,-0.09477261993894448,0.7192929501265061,0.597653927083442,0.12163902304306407,-0.21641164298200855,-0.2561579808485562
TYTR20250206_0830_staticAndStaticFree001,TYTR20250305_0830_interferenceAndInterferenceFree001,0.3814997212835658,0.4067663614980727,0.02526664021450692,0.7192929501265061,0.6296245212152647,0.08966842891124138,-0.06440178869673446,-0.040407620982264914
TYTR20250206_0830_staticAndStaticFree001,TYTR20250306_0830_interferenceAndInterferenceFree001,0.0549256728852263,0.4291977018054264,0.37427202892020006,0.7192929501265061,0.6223991864916928,0.09689376363481328,0.2773782652853868,0.5084455763197233
TYTR20250207_0830_staticAndStaticFree001,TYTR20250304_0830_interferenceAndInterferenceFree001,0.2796739412170416,0.4584063726691669,0.1787324314521253,0.7441669483098445,0.597653927083442,0.14651302122640253,0.03221941022572278,0.1480463833789542
TYTR20250207_0830_staticAndStaticFree001,TYTR20250305_0830_interferenceAndInterferenceFree001,0.4147548741382167,0.3471998974062518,-0.06755497673196492,0.7441669483098445,0.6296245212152647,0.11454242709457985,-0.18209740382654477,-0.19217183844632463
TYTR20250207_0830_staticAndStaticFree001,TYTR20250306_0830_interferenceAndInterferenceFree001,-0.0007149818506865,0.5847070094385504,0.5854219912892369,0.7441669483098445,0.6223991864916928,0.12176776181815174,0.46365422947108514,0.786868959296265
TYTR20250208_0830_staticAndStaticFree001,TYTR20250304_0830_interferenceAndInterferenceFree001,0.2709633514195887,0.4023495698441253,0.13138621842453657,0.6882603602484993,0.597653927083442,0.09060643316505734,0.04077978525947923,0.1312108447025918
TYTR20250208_0830_staticAndStaticFree001,TYTR20250305_0830_interferenceAndInterferenceFree001,0.5234594608648696,0.3012547450963198,-0.22220471576854983,0.6882603602484993,0.6296245212152647,0.05863583903323466,-0.2808405548017845,-0.3936789078896188
TYTR20250208_0830_staticAndStaticFree001,TYTR20250306_0830_interferenceAndInterferenceFree001,0.0553571103661008,0.5363786454388468,0.48102153507274603,0.6882603602484993,0.6223991864916928,0.06586117375680656,0.4151603613159395,0.6903837147376106
TYTR20250209_0830_staticAndStaticFree,TYTR20250304_0830_interferenceAndInterferenceFree001,0.1835116688147865,0.401077626943315,0.2175659581285285,0.5359792113522095,0.597653927083442,-0.06167471573123251,0.27924067385976103,0.44125478026351045
TYTR20250209_0830_staticAndStaticFree,TYTR20250305_0830_interferenceAndInterferenceFree001,0.2876380276363769,0.2948344579342018,0.007196430297824907,0.5359792113522095,0.6296245212152647,-0.09364530986305519,0.1008417401608801,0.09324504821002833
TYTR20250209_0830_staticAndStaticFree,TYTR20250306_0830_interferenceAndInterferenceFree001,-0.0573005498041371,0.5145113418579793,0.5718118916621164,0.5359792113522095,0.6223991864916928,-0.0864199751394833,0.6582318668015997,1.0520104369052727
TYTR20250210_0830_staticAndStaticFree001,TYTR20250304_0830_interferenceAndInterferenceFree001,0.243078568331789,0.3986511338505933,0.1555725655188043,0.6576361495605972,0.597653927083442,0.059982222477155234,0.09559034304164907,0.1994667104185861
TYTR20250210_0830_staticAndStaticFree001,TYTR20250305_0830_interferenceAndInterferenceFree001,0.4034432438861311,0.271881609915653,-0.1315616339704781,0.6576361495605972,0.6296245212152647,0.02801162834533255,-0.15957326231581065,-0.22734545399162653
TYTR20250210_0830_staticAndStaticFree001,TYTR20250306_0830_interferenceAndInterferenceFree001,0.0556290976832185,0.5855593021161509,0.5299302044329324,0.6576361495605972,0.6223991864916928,0.03523696306890445,0.4946932413640279,0.8010216262207341
TYTR20250212_0830_staticAndStaticFree001,TYTR20250304_0830_interferenceAndInterferenceFree001,0.1446947165161059,0.3061142330362674,0.16141951652016148,0.5120761259123531,0.597653927083442,-0.08557780117108893,0.2469973176912504,0.35568596091277915
TYTR20250212_0830_staticAndStaticFree001,TYTR20250305_0830_interferenceAndInterferenceFree001,0.2879909459165706,0.3824102709266802,0.09441932501010958,0.5120761259123531,0.6296245212152647,-0.11754839530291161,0.2119677203130212,0.28938293024616635
TYTR20250212_0830_staticAndStaticFree001,TYTR20250306_0830_interferenceAndInterferenceFree001,-0.0815197758276545,0.3941486995106952,0.4756684753383497,0.5120761259123531,0.6223991864916928,-0.11032306057933972,0.5859915359176895,0.9006839107978821
TYTR20250213_0830_staticAndStaticFree001,TYTR20250304_0830_interferenceAndInterferenceFree001,0.3626397501087878,0.3356022117044174,-0.027037538404370398,0.6754263593027219,0.597653927083442,0.07777243221927987,-0.10480997062365027,-0.10989752209922082
TYTR20250213_0830_staticAndStaticFree001,TYTR20250305_0830_interferenceAndInterferenceFree001,0.5303858233372549,0.2231086466857097,-0.3072771766515452,0.6754263593027219,0.6296245212152647,0.04580183808745719,-0.3530790147390024,-0.5120616364171098
TYTR20250213_0830_staticAndStaticFree001,TYTR20250306_0830_interferenceAndInterferenceFree001,-0.0845620163905964,0.3563444720895879,0.4409064884801843,0.6754263593027219,0.6223991864916928,0.05302717281102909,0.38787931566915523,0.6634490909645043
TYTR20250215_0830_staticAndStaticFree001,TYTR20250304_0830_interferenceAndInterferenceFree001,0.2765047982389339,0.3833109874504341,0.1068061892115002,0.4867258439117575,0.597653927083442,-0.11092808317168451,0.2177342723831847,0.3248792058959374
TYTR20250215_0830_staticAndStaticFree001,TYTR20250305_0830_interferenceAndInterferenceFree001,0.3889044499435791,0.2673030085499829,-0.12160144139359619,0.4867258439117575,0.6296245212152647,-0.1428986773035072,0.021297235909911005,-0.06849080699261434
TYTR20250215_0830_staticAndStaticFree001,TYTR20250306_0830_interferenceAndInterferenceFree001,-0.0453648916872145,0.4438707935210605,0.489235685208275,0.4867258439117575,0.6223991864916928,-0.1356733425799353,0.6249090277882103,0.9848395156520394
TYTR20250216_0830_staticAndStaticFree001,TYTR20250304_0830_interferenceAndInterferenceFree001,0.1122399492671154,0.4113033240576562,0.2990633747905408,0.5027801335401362,0.597653927083442,-0.09487379354330583,0.3939371683338466,0.6302571205188572
TYTR20250216_0830_staticAndStaticFree001,TYTR20250305_0830_interferenceAndInterferenceFree001,0.1569248719600003,0.3963077818844436,0.2393829099244433,0.5027801335401362,0.6296245212152647,-0.1268443876751285,0.36622729759957184,0.5389971366849919
TYTR20250216_0830_staticAndStaticFree001,TYTR20250306_0830_interferenceAndInterferenceFree001,-0.0716795631829876,0.5145816615647706,0.5862612247477582,0.5027801335401362,0.6223991864916928,-0.11961905295155661,0.7058802776993148,1.1386390862615905
TYTR20250217_0830_staticAndStaticFree001,TYTR20250304_0830_interferenceAndInterferenceFree001,0.2525147475939102,0.4804507461184006,0.22793599852449042,0.6634552456892393,0.597653927083442,0.0658013186057973,0.16213467991869313,0.3016545368315552
TYTR20250217_0830_staticAndStaticFree001,TYTR20250305_0830_interferenceAndInterferenceFree001,0.3706699774046139,0.396585432233287,0.025915454828673135,0.6634552456892393,0.6296245212152647,0.033830724473974616,-0.007915269645301481,0.00904170836612872
TYTR20250217_0830_staticAndStaticFree001,TYTR20250306_0830_interferenceAndInterferenceFree001,0.1000283852876649,0.5529106949469319,0.452882309659267,0.6634552456892393,0.6223991864916928,0.04105605919754651,0.4118262504617205,0.6726663493658552
TYTR20250218_0830_staticAndStaticFree001,TYTR20250304_0830_interferenceAndInterferenceFree001,0.321060960408544,0.2936591620085191,-0.02740179840002488,0.5364871961235417,0.597653927083442,-0.06116673095990033,0.03376493255987545,0.010171910100806314
TYTR20250218_0830_staticAndStaticFree001,TYTR20250305_0830_interferenceAndInterferenceFree001,0.4835546357352572,0.3055677357578076,-0.1779868999774496,0.5364871961235417,0.6296245212152647,-0.09313732509172301,-0.08484957488572659,-0.1984334216948983
TYTR20250218_0830_staticAndStaticFree001,TYTR20250306_0830_interferenceAndInterferenceFree001,-0.0109092622891977,0.4194064657094023,0.4303157279986,0.5364871961235417,0.6223991864916928,-0.08591199036815111,0.5162277183667512,0.7992919244388927
