pair_id,target_mode,match_direction,decoder_direction,r1_session,r2_session,r1_date,r2_date,train_session,test_session,n_trials_r1,n_trials_r2,n_trials_train,n_trials_test,anchor_pair_mean,anchor_pair_sd,selected_pair_mean,selected_anchor_z,baseline_corr,matched_corr,delta_corr
1,relative_position,trim_r2_to_r1,R1->R2,TSAL20250731_0830_staticAndStaticFree,TSAL20250828_0830_interferenceAndInterferenceFree001,20250731,20250828,TSAL20250731_0830_staticAndStaticFree,TSAL20250828_0830_interferenceAndInterferenceFree001,43,90,43,90,7.366623059137062,13.325177788482604,3.26942463462021,-0.3074779556080818,0.2620183330244693,0.2620183330244693,0.0
1,relative_position,trim_r2_to_r1,R2->R1,TSAL20250731_0830_staticAndStaticFree,TSAL20250828_0830_interferenceAndInterferenceFree001,20250731,20250828,TSAL20250828_0830_interferenceAndInterferenceFree001,TSAL20250731_0830_staticAndStaticFree,43,90,90,43,7.366623059137062,13.325177788482604,3.26942463462021,-0.3074779556080818,0.5311800143304759,0.5311800143304759,0.0
1,relative_position,trim_r1_to_r2,R1->R2,TSAL20250731_0830_staticAndStaticFree,TSAL20250828_0830_interferenceAndInterferenceFree001,20250731,20250828,TSAL20250731_0830_staticAndStaticFree,TSAL20250828_0830_interferenceAndInterferenceFree001,42,90,42,90,3.26942463462021,3.5366641470935463,4.812661894158791,0.4363539186515132,0.2620183330244693,0.1744846204068252,-0.08753371261764412
1,relative_position,trim_r1_to_r2,R2->R1,TSAL20250731_0830_staticAndStaticFree,TSAL20250828_0830_interferenceAndInterferenceFree001,20250731,20250828,TSAL20250828_0830_interferenceAndInterferenceFree001,TSAL20250731_0830_staticAndStaticFree,42,90,90,42,3.26942463462021,3.5366641470935463,4.812661894158791,0.4363539186515132,0.5311800143304759,0.6073478062611632,0.07616779193068735
2,relative_position,trim_r2_to_r1,R1->R2,TSAL20250731_0830_staticAndStaticFree,TSAL20250829_0830_interferenceAndInterferenceFree001,20250731,20250829,TSAL20250731_0830_staticAndStaticFree,TSAL20250829_0830_interferenceAndInterferenceFree001,43,95,43,95,7.366623059137062,13.325177788482604,1.7066157425394444,-0.4247603601574269,0.1529209329133686,0.15292093291336867,5.551115123125783e-17
2,relative_position,trim_r2_to_r1,R2->R1,TSAL20250731_0830_staticAndStaticFree,TSAL20250829_0830_interferenceAndInterferenceFree001,20250731,20250829,TSAL20250829_0830_interferenceAndInterferenceFree001,TSAL20250731_0830_staticAndStaticFree,43,95,95,43,7.366623059137062,13.325177788482604,1.7066157425394444,-0.4247603601574269,0.5183066830901308,0.5183066830901308,0.0
2,relative_position,trim_r1_to_r2,R1->R2,TSAL20250731_0830_staticAndStaticFree,TSAL20250829_0830_interferenceAndInterferenceFree001,20250731,20250829,TSAL20250731_0830_staticAndStaticFree,TSAL20250829_0830_interferenceAndInterferenceFree001,41,95,41,95,1.7066157425394444,2.2314050140595474,3.665902471699465,0.8780506975717205,0.1529209329133686,0.424068841781301,0.2711479088679324
2,relative_position,trim_r1_to_r2,R2->R1,TSAL20250731_0830_staticAndStaticFree,TSAL20250829_0830_interferenceAndInterferenceFree001,20250731,20250829,TSAL20250829_0830_interferenceAndInterferenceFree001,TSAL20250731_0830_staticAndStaticFree,41,95,95,41,1.7066157425394444,2.2314050140595474,3.665902471699465,0.8780506975717205,0.5183066830901308,0.606475861989699,0.08816917889956821
3,relative_position,trim_r2_to_r1,R1->R2,TSAL20250731_0830_staticAndStaticFree,TSAL20250830_0830_interferenceAndInterferenceFree001,20250731,20250830,TSAL20250731_0830_staticAndStaticFree,TSAL20250830_0830_interferenceAndInterferenceFree001,43,79,43,79,7.366623059137062,13.325177788482604,2.643647612482717,-0.3544399573217379,0.2719677504932341,0.2719677504932341,0.0
3,relative_position,trim_r2_to_r1,R2->R1,TSAL20250731_0830_staticAndStaticFree,TSAL20250830_0830_interferenceAndInterferenceFree001,20250731,20250830,TSAL20250830_0830_interferenceAndInterferenceFree001,TSAL20250731_0830_staticAndStaticFree,43,79,79,43,7.366623059137062,13.325177788482604,2.643647612482717,-0.3544399573217379,0.328566111424137,0.328566111424137,0.0
3,relative_position,trim_r1_to_r2,R1->R2,TSAL20250731_0830_staticAndStaticFree,TSAL20250830_0830_interferenceAndInterferenceFree001,20250731,20250830,TSAL20250731_0830_staticAndStaticFree,TSAL20250830_0830_interferenceAndInterferenceFree001,43,79,43,79,2.643647612482717,5.80027316898679,7.366623059137062,0.8142677610267396,0.2719677504932341,0.2719677504932341,0.0
3,relative_position,trim_r1_to_r2,R2->R1,TSAL20250731_0830_staticAndStaticFree,TSAL20250830_0830_interferenceAndInterferenceFree001,20250731,20250830,TSAL20250830_0830_interferenceAndInterferenceFree001,TSAL20250731_0830_staticAndStaticFree,43,79,79,43,2.643647612482717,5.80027316898679,7.366623059137062,0.8142677610267396,0.328566111424137,0.328566111424137,0.0
4,relative_position,trim_r2_to_r1,R1->R2,TSAL20250801_0830_staticAndStaticFree,TSAL20250828_0830_interferenceAndInterferenceFree001,20250801,20250828,TSAL20250801_0830_staticAndStaticFree,TSAL20250828_0830_interferenceAndInterferenceFree001,91,90,91,90,3.921318354201199,4.689187917039048,3.26942463462021,-0.1390206003927055,0.323586401167742,0.323586401167742,0.0
4,relative_position,trim_r2_to_r1,R2->R1,TSAL20250801_0830_staticAndStaticFree,TSAL20250828_0830_interferenceAndInterferenceFree001,20250801,20250828,TSAL20250828_0830_interferenceAndInterferenceFree001,TSAL20250801_0830_staticAndStaticFree,91,90,90,91,3.921318354201199,4.689187917039048,3.26942463462021,-0.1390206003927055,0.5163413651412946,0.5163413651412946,0.0
4,relative_position,trim_r1_to_r2,R1->R2,TSAL20250801_0830_staticAndStaticFree,TSAL20250828_0830_interferenceAndInterferenceFree001,20250801,20250828,TSAL20250801_0830_staticAndStaticFree,TSAL20250828_0830_interferenceAndInterferenceFree001,91,90,91,90,3.26942463462021,3.5366641470935463,3.921318354201199,0.1843244629594584,0.323586401167742,0.323586401167742,0.0
4,relative_position,trim_r1_to_r2,R2->R1,TSAL20250801_0830_staticAndStaticFree,TSAL20250828_0830_interferenceAndInterferenceFree001,20250801,20250828,TSAL20250828_0830_interferenceAndInterferenceFree001,TSAL20250801_0830_staticAndStaticFree,91,90,90,91,3.26942463462021,3.5366641470935463,3.921318354201199,0.1843244629594584,0.5163413651412946,0.5163413651412946,0.0
5,relative_position,trim_r2_to_r1,R1->R2,TSAL20250801_0830_staticAndStaticFree,TSAL20250829_0830_interferenceAndInterferenceFree001,20250801,20250829,TSAL20250801_0830_staticAndStaticFree,TSAL20250829_0830_interferenceAndInterferenceFree001,91,95,91,95,3.921318354201199,4.689187917039048,1.7066157425394444,-0.4722998205327228,0.2897759627235042,0.2897759627235042,0.0
5,relative_position,trim_r2_to_r1,R2->R1,TSAL20250801_0830_staticAndStaticFree,TSAL20250829_0830_interferenceAndInterferenceFree001,20250801,20250829,TSAL20250829_0830_interferenceAndInterferenceFree001,TSAL20250801_0830_staticAndStaticFree,91,95,95,91,3.921318354201199,4.689187917039048,1.7066157425394444,-0.4722998205327228,0.628827283312907,0.628827283312907,0.0
5,relative_position,trim_r1_to_r2,R1->R2,TSAL20250801_0830_staticAndStaticFree,TSAL20250829_0830_interferenceAndInterferenceFree001,20250801,20250829,TSAL20250801_0830_staticAndStaticFree,TSAL20250829_0830_interferenceAndInterferenceFree001,91,95,91,95,1.7066157425394444,2.2314050140595474,3.921318354201199,0.99251484948158,0.2897759627235042,0.2897759627235042,0.0
5,relative_position,trim_r1_to_r2,R2->R1,TSAL20250801_0830_staticAndStaticFree,TSAL20250829_0830_interferenceAndInterferenceFree001,20250801,20250829,TSAL20250829_0830_interferenceAndInterferenceFree001,TSAL20250801_0830_staticAndStaticFree,91,95,95,91,1.7066157425394444,2.2314050140595474,3.921318354201199,0.99251484948158,0.628827283312907,0.628827283312907,0.0
6,relative_position,trim_r2_to_r1,R1->R2,TSAL20250801_0830_staticAndStaticFree,TSAL20250830_0830_interferenceAndInterferenceFree001,20250801,20250830,TSAL20250801_0830_staticAndStaticFree,TSAL20250830_0830_interferenceAndInterferenceFree001,91,79,91,79,3.921318354201199,4.689187917039048,2.643647612482717,-0.2724716442000168,0.3452437757590118,0.34524377575901183,5.551115123125783e-17
6,relative_position,trim_r2_to_r1,R2->R1,TSAL20250801_0830_staticAndStaticFree,TSAL20250830_0830_interferenceAndInterferenceFree001,20250801,20250830,TSAL20250830_0830_interferenceAndInterferenceFree001,TSAL20250801_0830_staticAndStaticFree,91,79,79,91,3.921318354201199,4.689187917039048,2.643647612482717,-0.2724716442000168,0.4736422377931756,0.47364223779317566,5.551115123125783e-17
6,relative_position,trim_r1_to_r2,R1->R2,TSAL20250801_0830_staticAndStaticFree,TSAL20250830_0830_interferenceAndInterferenceFree001,20250801,20250830,TSAL20250801_0830_staticAndStaticFree,TSAL20250830_0830_interferenceAndInterferenceFree001,91,79,91,79,2.643647612482717,5.80027316898679,3.921318354201199,0.2202776842563208,0.3452437757590118,0.34524377575901183,5.551115123125783e-17
6,relative_position,trim_r1_to_r2,R2->R1,TSAL20250801_0830_staticAndStaticFree,TSAL20250830_0830_interferenceAndInterferenceFree001,20250801,20250830,TSAL20250830_0830_interferenceAndInterferenceFree001,TSAL20250801_0830_staticAndStaticFree,91,79,79,91,2.643647612482717,5.80027316898679,3.921318354201199,0.2202776842563208,0.4736422377931756,0.47364223779317566,5.551115123125783e-17
7,relative_position,trim_r2_to_r1,R1->R2,TSAL20250802_0830_staticAndStaticFree001,TSAL20250828_0830_interferenceAndInterferenceFree001,20250802,20250828,TSAL20250802_0830_staticAndStaticFree001,TSAL20250828_0830_interferenceAndInterferenceFree001,75,90,75,90,2.9486902685961254,3.679612776174863,3.26942463462021,0.0871652495884373,0.3810611238041329,0.38106112380413293,5.551115123125783e-17
7,relative_position,trim_r2_to_r1,R2->R1,TSAL20250802_0830_staticAndStaticFree001,TSAL20250828_0830_interferenceAndInterferenceFree001,20250802,20250828,TSAL20250828_0830_interferenceAndInterferenceFree001,TSAL20250802_0830_staticAndStaticFree001,75,90,90,75,2.9486902685961254,3.679612776174863,3.26942463462021,0.0871652495884373,0.3650361483540571,0.3650361483540571,0.0
7,relative_position,trim_r1_to_r2,R1->R2,TSAL20250802_0830_staticAndStaticFree001,TSAL20250828_0830_interferenceAndInterferenceFree001,20250802,20250828,TSAL20250802_0830_staticAndStaticFree001,TSAL20250828_0830_interferenceAndInterferenceFree001,75,90,75,90,3.26942463462021,3.5366641470935463,2.9486902685961254,-0.0906883867634607,0.3810611238041329,0.38106112380413293,5.551115123125783e-17
7,relative_position,trim_r1_to_r2,R2->R1,TSAL20250802_0830_staticAndStaticFree001,TSAL20250828_0830_interferenceAndInterferenceFree001,20250802,20250828,TSAL20250828_0830_interferenceAndInterferenceFree001,TSAL20250802_0830_staticAndStaticFree001,75,90,90,75,3.26942463462021,3.5366641470935463,2.9486902685961254,-0.0906883867634607,0.3650361483540571,0.3650361483540571,0.0
8,relative_position,trim_r2_to_r1,R1->R2,TSAL20250802_0830_staticAndStaticFree001,TSAL20250829_0830_interferenceAndInterferenceFree001,20250802,20250829,TSAL20250802_0830_staticAndStaticFree001,TSAL20250829_0830_interferenceAndInterferenceFree001,75,95,75,95,2.9486902685961254,3.679612776174863,1.7066157425394444,-0.3375557705688472,0.5167469251895925,0.5167469251895925,0.0
8,relative_position,trim_r2_to_r1,R2->R1,TSAL20250802_0830_staticAndStaticFree001,TSAL20250829_0830_interferenceAndInterferenceFree001,20250802,20250829,TSAL20250829_0830_interferenceAndInterferenceFree001,TSAL20250802_0830_staticAndStaticFree001,75,95,95,75,2.9486902685961254,3.679612776174863,1.7066157425394444,-0.3375557705688472,0.4752120981605562,0.47521209816055626,5.551115123125783e-17
8,relative_position,trim_r1_to_r2,R1->R2,TSAL20250802_0830_staticAndStaticFree001,TSAL20250829_0830_interferenceAndInterferenceFree001,20250802,20250829,TSAL20250802_0830_staticAndStaticFree001,TSAL20250829_0830_interferenceAndInterferenceFree001,75,95,75,95,1.7066157425394444,2.2314050140595474,2.9486902685961254,0.5566333848990513,0.5167469251895925,0.5167469251895925,0.0
8,relative_position,trim_r1_to_r2,R2->R1,TSAL20250802_0830_staticAndStaticFree001,TSAL20250829_0830_interferenceAndInterferenceFree001,20250802,20250829,TSAL20250829_0830_interferenceAndInterferenceFree001,TSAL20250802_0830_staticAndStaticFree001,75,95,95,75,1.7066157425394444,2.2314050140595474,2.9486902685961254,0.5566333848990513,0.4752120981605562,0.47521209816055626,5.551115123125783e-17
9,relative_position,trim_r2_to_r1,R1->R2,TSAL20250802_0830_staticAndStaticFree001,TSAL20250830_0830_interferenceAndInterferenceFree001,20250802,20250830,TSAL20250802_0830_staticAndStaticFree001,TSAL20250830_0830_interferenceAndInterferenceFree001,75,79,75,79,2.9486902685961254,3.679612776174863,2.643647612482717,-0.0829007492550655,0.5219515167822435,0.5219515167822435,0.0
9,relative_position,trim_r2_to_r1,R2->R1,TSAL20250802_0830_staticAndStaticFree001,TSAL20250830_0830_interferenceAndInterferenceFree001,20250802,20250830,TSAL20250830_0830_interferenceAndInterferenceFree001,TSAL20250802_0830_staticAndStaticFree001,75,79,79,75,2.9486902685961254,3.679612776174863,2.643647612482717,-0.0829007492550655,0.3224964809689251,0.32249648096892514,5.551115123125783e-17
9,relative_position,trim_r1_to_r2,R1->R2,TSAL20250802_0830_staticAndStaticFree001,TSAL20250830_0830_interferenceAndInterferenceFree001,20250802,20250830,TSAL20250802_0830_staticAndStaticFree001,TSAL20250830_0830_interferenceAndInterferenceFree001,75,79,75,79,2.643647612482717,5.80027316898679,2.9486902685961254,0.0525910844586469,0.5219515167822435,0.5219515167822435,0.0
9,relative_position,trim_r1_to_r2,R2->R1,TSAL20250802_0830_staticAndStaticFree001,TSAL20250830_0830_interferenceAndInterferenceFree001,20250802,20250830,TSAL20250830_0830_interferenceAndInterferenceFree001,TSAL20250802_0830_staticAndStaticFree001,75,79,79,75,2.643647612482717,5.80027316898679,2.9486902685961254,0.0525910844586469,0.3224964809689251,0.32249648096892514,5.551115123125783e-17
10,relative_position,trim_r2_to_r1,R1->R2,TSAL20250803_1400_staticAndStaticFree001,TSAL20250828_0830_interferenceAndInterferenceFree001,20250803,20250828,TSAL20250803_1400_staticAndStaticFree001,TSAL20250828_0830_interferenceAndInterferenceFree001,75,90,75,90,4.382162315633919,4.335970958076992,3.26942463462021,-0.2566294128287265,0.2910786903312962,0.29107869033129624,5.551115123125783e-17
10,relative_position,trim_r2_to_r1,R2->R1,TSAL20250803_1400_staticAndStaticFree001,TSAL20250828_0830_interferenceAndInterferenceFree001,20250803,20250828,TSAL20250828_0830_interferenceAndInterferenceFree001,TSAL20250803_1400_staticAndStaticFree001,75,90,90,75,4.382162315633919,4.335970958076992,3.26942463462021,-0.2566294128287265,0.5543433331476221,0.5543433331476221,0.0
10,relative_position,trim_r1_to_r2,R1->R2,TSAL20250803_1400_staticAndStaticFree001,TSAL20250828_0830_interferenceAndInterferenceFree001,20250803,20250828,TSAL20250803_1400_staticAndStaticFree001,TSAL20250828_0830_interferenceAndInterferenceFree001,75,90,75,90,3.26942463462021,3.5366641470935463,4.382162315633919,0.3146291631700918,0.2910786903312962,0.29107869033129624,5.551115123125783e-17
10,relative_position,trim_r1_to_r2,R2->R1,TSAL20250803_1400_staticAndStaticFree001,TSAL20250828_0830_interferenceAndInterferenceFree001,20250803,20250828,TSAL20250828_0830_interferenceAndInterferenceFree001,TSAL20250803_1400_staticAndStaticFree001,75,90,90,75,3.26942463462021,3.5366641470935463,4.382162315633919,0.3146291631700918,0.5543433331476221,0.5543433331476221,0.0
11,relative_position,trim_r2_to_r1,R1->R2,TSAL20250803_1400_staticAndStaticFree001,TSAL20250829_0830_interferenceAndInterferenceFree001,20250803,20250829,TSAL20250803_1400_staticAndStaticFree001,TSAL20250829_0830_interferenceAndInterferenceFree001,75,95,75,95,4.382162315633919,4.335970958076992,1.7066157425394444,-0.6170582319308436,0.2694132557873148,0.2694132557873148,0.0
11,relative_position,trim_r2_to_r1,R2->R1,TSAL20250803_1400_staticAndStaticFree001,TSAL20250829_0830_interferenceAndInterferenceFree001,20250803,20250829,TSAL20250829_0830_interferenceAndInterferenceFree001,TSAL20250803_1400_staticAndStaticFree001,75,95,95,75,4.382162315633919,4.335970958076992,1.7066157425394444,-0.6170582319308436,0.5790025207904078,0.5790025207904078,0.0
11,relative_position,trim_r1_to_r2,R1->R2,TSAL20250803_1400_staticAndStaticFree001,TSAL20250829_0830_interferenceAndInterferenceFree001,20250803,20250829,TSAL20250803_1400_staticAndStaticFree001,TSAL20250829_0830_interferenceAndInterferenceFree001,74,95,74,95,1.7066157425394444,2.2314050140595474,3.920985548019543,0.99236570301128,0.2694132557873148,0.37509085811637793,0.10567760232906315
11,relative_position,trim_r1_to_r2,R2->R1,TSAL20250803_1400_staticAndStaticFree001,TSAL20250829_0830_interferenceAndInterferenceFree001,20250803,20250829,TSAL20250829_0830_interferenceAndInterferenceFree001,TSAL20250803_1400_staticAndStaticFree001,74,95,95,74,1.7066157425394444,2.2314050140595474,3.920985548019543,0.99236570301128,0.5790025207904078,0.6008373918289132,0.021834871038505343
12,relative_position,trim_r2_to_r1,R1->R2,TSAL20250803_1400_staticAndStaticFree001,TSAL20250830_0830_interferenceAndInterferenceFree001,20250803,20250830,TSAL20250803_1400_staticAndStaticFree001,TSAL20250830_0830_interferenceAndInterferenceFree001,75,79,75,79,4.382162315633919,4.335970958076992,2.643647612482717,-0.4009516484220722,0.191698027394859,0.19169802739485908,8.326672684688674e-17
12,relative_position,trim_r2_to_r1,R2->R1,TSAL20250803_1400_staticAndStaticFree001,TSAL20250830_0830_interferenceAndInterferenceFree001,20250803,20250830,TSAL20250830_0830_interferenceAndInterferenceFree001,TSAL20250803_1400_staticAndStaticFree001,75,79,79,75,4.382162315633919,4.335970958076992,2.643647612482717,-0.4009516484220722,0.3077190105006544,0.3077190105006544,0.0
12,relative_position,trim_r1_to_r2,R1->R2,TSAL20250803_1400_staticAndStaticFree001,TSAL20250830_0830_interferenceAndInterferenceFree001,20250803,20250830,TSAL20250803_1400_staticAndStaticFree001,TSAL20250830_0830_interferenceAndInterferenceFree001,75,79,75,79,2.643647612482717,5.80027316898679,4.382162315633919,0.2997297976320813,0.191698027394859,0.19169802739485908,8.326672684688674e-17
12,relative_position,trim_r1_to_r2,R2->R1,TSAL20250803_1400_staticAndStaticFree001,TSAL20250830_0830_interferenceAndInterferenceFree001,20250803,20250830,TSAL20250830_0830_interferenceAndInterferenceFree001,TSAL20250803_1400_staticAndStaticFree001,75,79,79,75,2.643647612482717,5.80027316898679,4.382162315633919,0.2997297976320813,0.3077190105006544,0.3077190105006544,0.0
13,relative_position,trim_r2_to_r1,R1->R2,TSAL20250804_0830_staticAndStaticFree001,TSAL20250828_0830_interferenceAndInterferenceFree001,20250804,20250828,TSAL20250804_0830_staticAndStaticFree001,TSAL20250828_0830_interferenceAndInterferenceFree001,70,90,70,90,3.803184840273542,8.868102979100739,3.26942463462021,-0.0601887694483513,0.3523813629450191,0.3523813629450191,0.0
13,relative_position,trim_r2_to_r1,R2->R1,TSAL20250804_0830_staticAndStaticFree001,TSAL20250828_0830_interferenceAndInterferenceFree001,20250804,20250828,TSAL20250828_0830_interferenceAndInterferenceFree001,TSAL20250804_0830_staticAndStaticFree001,70,90,90,70,3.803184840273542,8.868102979100739,3.26942463462021,-0.0601887694483513,0.2214272234500103,0.22142722345001034,2.7755575615628914e-17
13,relative_position,trim_r1_to_r2,R1->R2,TSAL20250804_0830_staticAndStaticFree001,TSAL20250828_0830_interferenceAndInterferenceFree001,20250804,20250828,TSAL20250804_0830_staticAndStaticFree001,TSAL20250828_0830_interferenceAndInterferenceFree001,70,90,70,90,3.26942463462021,3.5366641470935463,3.803184840273542,0.1509219375812034,0.3523813629450191,0.3523813629450191,0.0
13,relative_position,trim_r1_to_r2,R2->R1,TSAL20250804_0830_staticAndStaticFree001,TSAL20250828_0830_interferenceAndInterferenceFree001,20250804,20250828,TSAL20250828_0830_interferenceAndInterferenceFree001,TSAL20250804_0830_staticAndStaticFree001,70,90,90,70,3.26942463462021,3.5366641470935463,3.803184840273542,0.1509219375812034,0.2214272234500103,0.22142722345001034,2.7755575615628914e-17
14,relative_position,trim_r2_to_r1,R1->R2,TSAL20250804_0830_staticAndStaticFree001,TSAL20250829_0830_interferenceAndInterferenceFree001,20250804,20250829,TSAL20250804_0830_staticAndStaticFree001,TSAL20250829_0830_interferenceAndInterferenceFree001,70,95,70,95,3.803184840273542,8.868102979100739,1.7066157425394444,-0.2364168642014008,0.3223185595720496,0.32231855957204963,5.551115123125783e-17
14,relative_position,trim_r2_to_r1,R2->R1,TSAL20250804_0830_staticAndStaticFree001,TSAL20250829_0830_interferenceAndInterferenceFree001,20250804,20250829,TSAL20250829_0830_interferenceAndInterferenceFree001,TSAL20250804_0830_staticAndStaticFree001,70,95,95,70,3.803184840273542,8.868102979100739,1.7066157425394444,-0.2364168642014008,0.500059900165977,0.500059900165977,0.0
14,relative_position,trim_r1_to_r2,R1->R2,TSAL20250804_0830_staticAndStaticFree001,TSAL20250829_0830_interferenceAndInterferenceFree001,20250804,20250829,TSAL20250804_0830_staticAndStaticFree001,TSAL20250829_0830_interferenceAndInterferenceFree001,70,95,70,95,1.7066157425394444,2.2314050140595474,3.803184840273542,0.9395735352946324,0.3223185595720496,0.32231855957204963,5.551115123125783e-17
14,relative_position,trim_r1_to_r2,R2->R1,TSAL20250804_0830_staticAndStaticFree001,TSAL20250829_0830_interferenceAndInterferenceFree001,20250804,20250829,TSAL20250829_0830_interferenceAndInterferenceFree001,TSAL20250804_0830_staticAndStaticFree001,70,95,95,70,1.7066157425394444,2.2314050140595474,3.803184840273542,0.9395735352946324,0.500059900165977,0.500059900165977,0.0
15,relative_position,trim_r2_to_r1,R1->R2,TSAL20250804_0830_staticAndStaticFree001,TSAL20250830_0830_interferenceAndInterferenceFree001,20250804,20250830,TSAL20250804_0830_staticAndStaticFree001,TSAL20250830_0830_interferenceAndInterferenceFree001,70,79,70,79,3.803184840273542,8.868102979100739,2.643647612482717,-0.1307536945075491,0.1957116061235301,0.1957116061235301,0.0
15,relative_position,trim_r2_to_r1,R2->R1,TSAL20250804_0830_staticAndStaticFree001,TSAL20250830_0830_interferenceAndInterferenceFree001,20250804,20250830,TSAL20250830_0830_interferenceAndInterferenceFree001,TSAL20250804_0830_staticAndStaticFree001,70,79,79,70,3.803184840273542,8.868102979100739,2.643647612482717,-0.1307536945075491,0.489320928500592,0.48932092850059206,5.551115123125783e-17
15,relative_position,trim_r1_to_r2,R1->R2,TSAL20250804_0830_staticAndStaticFree001,TSAL20250830_0830_interferenceAndInterferenceFree001,20250804,20250830,TSAL20250804_0830_staticAndStaticFree001,TSAL20250830_0830_interferenceAndInterferenceFree001,70,79,70,79,2.643647612482717,5.80027316898679,3.803184840273542,0.1999107962691654,0.1957116061235301,0.1957116061235301,0.0
15,relative_position,trim_r1_to_r2,R2->R1,TSAL20250804_0830_staticAndStaticFree001,TSAL20250830_0830_interferenceAndInterferenceFree001,20250804,20250830,TSAL20250830_0830_interferenceAndInterferenceFree001,TSAL20250804_0830_staticAndStaticFree001,70,79,79,70,2.643647612482717,5.80027316898679,3.803184840273542,0.1999107962691654,0.489320928500592,0.48932092850059206,5.551115123125783e-17
16,relative_position,trim_r2_to_r1,R1->R2,TSAL20250805_0830_staticAndStaticFree001,TSAL20250828_0830_interferenceAndInterferenceFree001,20250805,20250828,TSAL20250805_0830_staticAndStaticFree001,TSAL20250828_0830_interferenceAndInterferenceFree001,78,90,78,90,3.357339070422118,3.652336600000786,3.26942463462021,-0.0240707375661621,0.4528358103191494,0.4528358103191494,0.0
16,relative_position,trim_r2_to_r1,R2->R1,TSAL20250805_0830_staticAndStaticFree001,TSAL20250828_0830_interferenceAndInterferenceFree001,20250805,20250828,TSAL20250828_0830_interferenceAndInterferenceFree001,TSAL20250805_0830_staticAndStaticFree001,78,90,90,78,3.357339070422118,3.652336600000786,3.26942463462021,-0.0240707375661621,0.559722075785693,0.559722075785693,0.0
16,relative_position,trim_r1_to_r2,R1->R2,TSAL20250805_0830_staticAndStaticFree001,TSAL20250828_0830_interferenceAndInterferenceFree001,20250805,20250828,TSAL20250805_0830_staticAndStaticFree001,TSAL20250828_0830_interferenceAndInterferenceFree001,78,90,78,90,3.26942463462021,3.5366641470935463,3.357339070422118,0.024858010867149,0.4528358103191494,0.4528358103191494,0.0
16,relative_position,trim_r1_to_r2,R2->R1,TSAL20250805_0830_staticAndStaticFree001,TSAL20250828_0830_interferenceAndInterferenceFree001,20250805,20250828,TSAL20250828_0830_interferenceAndInterferenceFree001,TSAL20250805_0830_staticAndStaticFree001,78,90,90,78,3.26942463462021,3.5366641470935463,3.357339070422118,0.024858010867149,0.559722075785693,0.559722075785693,0.0
17,relative_position,trim_r2_to_r1,R1->R2,TSAL20250805_0830_staticAndStaticFree001,TSAL20250829_0830_interferenceAndInterferenceFree001,20250805,20250829,TSAL20250805_0830_staticAndStaticFree001,TSAL20250829_0830_interferenceAndInterferenceFree001,78,95,78,95,3.357339070422118,3.652336600000786,1.7066157425394444,-0.4519636355209753,0.2172137498707001,0.2172137498707001,0.0
17,relative_position,trim_r2_to_r1,R2->R1,TSAL20250805_0830_staticAndStaticFree001,TSAL20250829_0830_interferenceAndInterferenceFree001,20250805,20250829,TSAL20250829_0830_interferenceAndInterferenceFree001,TSAL20250805_0830_staticAndStaticFree001,78,95,95,78,3.357339070422118,3.652336600000786,1.7066157425394444,-0.4519636355209753,0.6630218735264818,0.6630218735264818,0.0
17,relative_position,trim_r1_to_r2,R1->R2,TSAL20250805_0830_staticAndStaticFree001,TSAL20250829_0830_interferenceAndInterferenceFree001,20250805,20250829,TSAL20250805_0830_staticAndStaticFree001,TSAL20250829_0830_interferenceAndInterferenceFree001,78,95,78,95,1.7066157425394444,2.2314050140595474,3.357339070422118,0.739768584135046,0.2172137498707001,0.2172137498707001,0.0
17,relative_position,trim_r1_to_r2,R2->R1,TSAL20250805_0830_staticAndStaticFree001,TSAL20250829_0830_interferenceAndInterferenceFree001,20250805,20250829,TSAL20250829_0830_interferenceAndInterferenceFree001,TSAL20250805_0830_staticAndStaticFree001,78,95,95,78,1.7066157425394444,2.2314050140595474,3.357339070422118,0.739768584135046,0.6630218735264818,0.6630218735264818,0.0
18,relative_position,trim_r2_to_r1,R1->R2,TSAL20250805_0830_staticAndStaticFree001,TSAL20250830_0830_interferenceAndInterferenceFree001,20250805,20250830,TSAL20250805_0830_staticAndStaticFree001,TSAL20250830_0830_interferenceAndInterferenceFree001,78,79,78,79,3.357339070422118,3.652336600000786,2.643647612482717,-0.1954068138022237,0.5074644050602943,0.5074644050602943,0.0
18,relative_position,trim_r2_to_r1,R2->R1,TSAL20250805_0830_staticAndStaticFree001,TSAL20250830_0830_interferenceAndInterferenceFree001,20250805,20250830,TSAL20250830_0830_interferenceAndInterferenceFree001,TSAL20250805_0830_staticAndStaticFree001,78,79,79,78,3.357339070422118,3.652336600000786,2.643647612482717,-0.1954068138022237,0.4627298835207589,0.46272988352075894,5.551115123125783e-17
18,relative_position,trim_r1_to_r2,R1->R2,TSAL20250805_0830_staticAndStaticFree001,TSAL20250830_0830_interferenceAndInterferenceFree001,20250805,20250830,TSAL20250805_0830_staticAndStaticFree001,TSAL20250830_0830_interferenceAndInterferenceFree001,78,79,78,79,2.643647612482717,5.80027316898679,3.357339070422118,0.1230444562086151,0.5074644050602943,0.5074644050602943,0.0
18,relative_position,trim_r1_to_r2,R2->R1,TSAL20250805_0830_staticAndStaticFree001,TSAL20250830_0830_interferenceAndInterferenceFree001,20250805,20250830,TSAL20250830_0830_interferenceAndInterferenceFree001,TSAL20250805_0830_staticAndStaticFree001,78,79,79,78,2.643647612482717,5.80027316898679,3.357339070422118,0.1230444562086151,0.4627298835207589,0.46272988352075894,5.551115123125783e-17
19,relative_position,trim_r2_to_r1,R1->R2,TSAL20250806_0830_staticAndStaticFree001,TSAL20250828_0830_interferenceAndInterferenceFree001,20250806,20250828,TSAL20250806_0830_staticAndStaticFree001,TSAL20250828_0830_interferenceAndInterferenceFree001,100,90,100,90,3.105854038146293,2.5347288369666168,3.26942463462021,0.0645317929430536,0.2856437540704043,0.2856437540704043,0.0
19,relative_position,trim_r2_to_r1,R2->R1,TSAL20250806_0830_staticAndStaticFree001,TSAL20250828_0830_interferenceAndInterferenceFree001,20250806,20250828,TSAL20250828_0830_interferenceAndInterferenceFree001,TSAL20250806_0830_staticAndStaticFree001,100,90,90,100,3.105854038146293,2.5347288369666168,3.26942463462021,0.0645317929430536,0.6164195760930852,0.6164195760930852,0.0
19,relative_position,trim_r1_to_r2,R1->R2,TSAL20250806_0830_staticAndStaticFree001,TSAL20250828_0830_interferenceAndInterferenceFree001,20250806,20250828,TSAL20250806_0830_staticAndStaticFree001,TSAL20250828_0830_interferenceAndInterferenceFree001,100,90,100,90,3.26942463462021,3.5366641470935463,3.105854038146293,-0.0462499659766507,0.2856437540704043,0.2856437540704043,0.0
19,relative_position,trim_r1_to_r2,R2->R1,TSAL20250806_0830_staticAndStaticFree001,TSAL20250828_0830_interferenceAndInterferenceFree001,20250806,20250828,TSAL20250828_0830_interferenceAndInterferenceFree001,TSAL20250806_0830_staticAndStaticFree001,100,90,90,100,3.26942463462021,3.5366641470935463,3.105854038146293,-0.0462499659766507,0.6164195760930852,0.6164195760930852,0.0
20,relative_position,trim_r2_to_r1,R1->R2,TSAL20250806_0830_staticAndStaticFree001,TSAL20250829_0830_interferenceAndInterferenceFree001,20250806,20250829,TSAL20250806_0830_staticAndStaticFree001,TSAL20250829_0830_interferenceAndInterferenceFree001,100,95,100,95,3.105854038146293,2.5347288369666168,1.7066157425394444,-0.5520268184905166,0.3586553005945952,0.35865530059459527,5.551115123125783e-17
20,relative_position,trim_r2_to_r1,R2->R1,TSAL20250806_0830_staticAndStaticFree001,TSAL20250829_0830_interferenceAndInterferenceFree001,20250806,20250829,TSAL20250829_0830_interferenceAndInterferenceFree001,TSAL20250806_0830_staticAndStaticFree001,100,95,95,100,3.105854038146293,2.5347288369666168,1.7066157425394444,-0.5520268184905166,0.6159377210840364,0.6159377210840364,0.0
20,relative_position,trim_r1_to_r2,R1->R2,TSAL20250806_0830_staticAndStaticFree001,TSAL20250829_0830_interferenceAndInterferenceFree001,20250806,20250829,TSAL20250806_0830_staticAndStaticFree001,TSAL20250829_0830_interferenceAndInterferenceFree001,100,95,100,95,1.7066157425394444,2.2314050140595474,3.105854038146293,0.6270660354308537,0.3586553005945952,0.35865530059459527,5.551115123125783e-17
20,relative_position,trim_r1_to_r2,R2->R1,TSAL20250806_0830_staticAndStaticFree001,TSAL20250829_0830_interferenceAndInterferenceFree001,20250806,20250829,TSAL20250829_0830_interferenceAndInterferenceFree001,TSAL20250806_0830_staticAndStaticFree001,100,95,95,100,1.7066157425394444,2.2314050140595474,3.105854038146293,0.6270660354308537,0.6159377210840364,0.6159377210840364,0.0
21,relative_position,trim_r2_to_r1,R1->R2,TSAL20250806_0830_staticAndStaticFree001,TSAL20250830_0830_interferenceAndInterferenceFree001,20250806,20250830,TSAL20250806_0830_staticAndStaticFree001,TSAL20250830_0830_interferenceAndInterferenceFree001,100,79,100,79,3.105854038146293,2.5347288369666168,2.643647612482717,-0.1823494564478587,0.3968883237895965,0.39688832378959654,5.551115123125783e-17
21,relative_position,trim_r2_to_r1,R2->R1,TSAL20250806_0830_staticAndStaticFree001,TSAL20250830_0830_interferenceAndInterferenceFree001,20250806,20250830,TSAL20250830_0830_interferenceAndInterferenceFree001,TSAL20250806_0830_staticAndStaticFree001,100,79,79,100,3.105854038146293,2.5347288369666168,2.643647612482717,-0.1823494564478587,0.3200054464526172,0.3200054464526172,0.0
21,relative_position,trim_r1_to_r2,R1->R2,TSAL20250806_0830_staticAndStaticFree001,TSAL20250830_0830_interferenceAndInterferenceFree001,20250806,20250830,TSAL20250806_0830_staticAndStaticFree001,TSAL20250830_0830_interferenceAndInterferenceFree001,100,79,100,79,2.643647612482717,5.80027316898679,3.105854038146293,0.079687009938588,0.3968883237895965,0.39688832378959654,5.551115123125783e-17
21,relative_position,trim_r1_to_r2,R2->R1,TSAL20250806_0830_staticAndStaticFree001,TSAL20250830_0830_interferenceAndInterferenceFree001,20250806,20250830,TSAL20250830_0830_interferenceAndInterferenceFree001,TSAL20250806_0830_staticAndStaticFree001,100,79,79,100,2.643647612482717,5.80027316898679,3.105854038146293,0.079687009938588,0.3200054464526172,0.3200054464526172,0.0
22,relative_position,trim_r2_to_r1,R1->R2,TSAL20250807_0830_staticAndStaticFree001,TSAL20250828_0830_interferenceAndInterferenceFree001,20250807,20250828,TSAL20250807_0830_staticAndStaticFree001,TSAL20250828_0830_interferenceAndInterferenceFree001,96,90,96,90,3.21370914420877,3.5534028120492387,3.26942463462021,0.0156794749591896,0.3232756594821661,0.3232756594821661,0.0
22,relative_position,trim_r2_to_r1,R2->R1,TSAL20250807_0830_staticAndStaticFree001,TSAL20250828_0830_interferenceAndInterferenceFree001,20250807,20250828,TSAL20250828_0830_interferenceAndInterferenceFree001,TSAL20250807_0830_staticAndStaticFree001,96,90,90,96,3.21370914420877,3.5534028120492387,3.26942463462021,0.0156794749591896,0.4766033024316159,0.4766033024316159,0.0
22,relative_position,trim_r1_to_r2,R1->R2,TSAL20250807_0830_staticAndStaticFree001,TSAL20250828_0830_interferenceAndInterferenceFree001,20250807,20250828,TSAL20250807_0830_staticAndStaticFree001,TSAL20250828_0830_interferenceAndInterferenceFree001,96,90,96,90,3.26942463462021,3.5366641470935463,3.21370914420877,-0.015753684289538,0.3232756594821661,0.3232756594821661,0.0
22,relative_position,trim_r1_to_r2,R2->R1,TSAL20250807_0830_staticAndStaticFree001,TSAL20250828_0830_interferenceAndInterferenceFree001,20250807,20250828,TSAL20250828_0830_interferenceAndInterferenceFree001,TSAL20250807_0830_staticAndStaticFree001,96,90,90,96,3.26942463462021,3.5366641470935463,3.21370914420877,-0.015753684289538,0.4766033024316159,0.4766033024316159,0.0
23,relative_position,trim_r2_to_r1,R1->R2,TSAL20250807_0830_staticAndStaticFree001,TSAL20250829_0830_interferenceAndInterferenceFree001,20250807,20250829,TSAL20250807_0830_staticAndStaticFree001,TSAL20250829_0830_interferenceAndInterferenceFree001,96,95,96,95,3.21370914420877,3.5534028120492387,1.7066157425394444,-0.4241268106612963,0.4395862722672752,0.4395862722672752,0.0
23,relative_position,trim_r2_to_r1,R2->R1,TSAL20250807_0830_staticAndStaticFree001,TSAL20250829_0830_interferenceAndInterferenceFree001,20250807,20250829,TSAL20250829_0830_interferenceAndInterferenceFree001,TSAL20250807_0830_staticAndStaticFree001,96,95,95,96,3.21370914420877,3.5534028120492387,1.7066157425394444,-0.4241268106612963,0.5781580964477678,0.5781580964477678,0.0
23,relative_position,trim_r1_to_r2,R1->R2,TSAL20250807_0830_staticAndStaticFree001,TSAL20250829_0830_interferenceAndInterferenceFree001,20250807,20250829,TSAL20250807_0830_staticAndStaticFree001,TSAL20250829_0830_interferenceAndInterferenceFree001,96,95,96,95,1.7066157425394444,2.2314050140595474,3.21370914420877,0.6754011002814334,0.4395862722672752,0.4395862722672752,0.0
23,relative_position,trim_r1_to_r2,R2->R1,TSAL20250807_0830_staticAndStaticFree001,TSAL20250829_0830_interferenceAndInterferenceFree001,20250807,20250829,TSAL20250829_0830_interferenceAndInterferenceFree001,TSAL20250807_0830_staticAndStaticFree001,96,95,95,96,1.7066157425394444,2.2314050140595474,3.21370914420877,0.6754011002814334,0.5781580964477678,0.5781580964477678,0.0
24,relative_position,trim_r2_to_r1,R1->R2,TSAL20250807_0830_staticAndStaticFree001,TSAL20250830_0830_interferenceAndInterferenceFree001,20250807,20250830,TSAL20250807_0830_staticAndStaticFree001,TSAL20250830_0830_interferenceAndInterferenceFree001,96,79,96,79,3.21370914420877,3.5534028120492387,2.643647612482717,-0.1604269377490866,0.340795597517358,0.34079559751735805,5.551115123125783e-17
24,relative_position,trim_r2_to_r1,R2->R1,TSAL20250807_0830_staticAndStaticFree001,TSAL20250830_0830_interferenceAndInterferenceFree001,20250807,20250830,TSAL20250830_0830_interferenceAndInterferenceFree001,TSAL20250807_0830_staticAndStaticFree001,96,79,79,96,3.21370914420877,3.5534028120492387,2.643647612482717,-0.1604269377490866,0.3487756197985504,0.34877561979855043,5.551115123125783e-17
24,relative_position,trim_r1_to_r2,R1->R2,TSAL20250807_0830_staticAndStaticFree001,TSAL20250830_0830_interferenceAndInterferenceFree001,20250807,20250830,TSAL20250807_0830_staticAndStaticFree001,TSAL20250830_0830_interferenceAndInterferenceFree001,96,79,96,79,2.643647612482717,5.80027316898679,3.21370914420877,0.098281842099108,0.340795597517358,0.34079559751735805,5.551115123125783e-17
24,relative_position,trim_r1_to_r2,R2->R1,TSAL20250807_0830_staticAndStaticFree001,TSAL20250830_0830_interferenceAndInterferenceFree001,20250807,20250830,TSAL20250830_0830_interferenceAndInterferenceFree001,TSAL20250807_0830_staticAndStaticFree001,96,79,79,96,2.643647612482717,5.80027316898679,3.21370914420877,0.098281842099108,0.3487756197985504,0.34877561979855043,5.551115123125783e-17
25,relative_position,trim_r2_to_r1,R1->R2,TSAL20250808_0830_staticAndStaticFree001,TSAL20250828_0830_interferenceAndInterferenceFree001,20250808,20250828,TSAL20250808_0830_staticAndStaticFree001,TSAL20250828_0830_interferenceAndInterferenceFree001,62,90,62,90,3.0664213433139387,2.5712729979348308,3.26942463462021,0.0789505009655985,0.4250161968219347,0.42501619682193476,5.551115123125783e-17
25,relative_position,trim_r2_to_r1,R2->R1,TSAL20250808_0830_staticAndStaticFree001,TSAL20250828_0830_interferenceAndInterferenceFree001,20250808,20250828,TSAL20250828_0830_interferenceAndInterferenceFree001,TSAL20250808_0830_staticAndStaticFree001,62,90,90,62,3.0664213433139387,2.5712729979348308,3.26942463462021,0.0789505009655985,0.5060567404315983,0.5060567404315983,0.0
25,relative_position,trim_r1_to_r2,R1->R2,TSAL20250808_0830_staticAndStaticFree001,TSAL20250828_0830_interferenceAndInterferenceFree001,20250808,20250828,TSAL20250808_0830_staticAndStaticFree001,TSAL20250828_0830_interferenceAndInterferenceFree001,62,90,62,90,3.26942463462021,3.5366641470935463,3.0664213433139387,-0.0573996520062841,0.4250161968219347,0.42501619682193476,5.551115123125783e-17
25,relative_position,trim_r1_to_r2,R2->R1,TSAL20250808_0830_staticAndStaticFree001,TSAL20250828_0830_interferenceAndInterferenceFree001,20250808,20250828,TSAL20250828_0830_interferenceAndInterferenceFree001,TSAL20250808_0830_staticAndStaticFree001,62,90,90,62,3.26942463462021,3.5366641470935463,3.0664213433139387,-0.0573996520062841,0.5060567404315983,0.5060567404315983,0.0
26,relative_position,trim_r2_to_r1,R1->R2,TSAL20250808_0830_staticAndStaticFree001,TSAL20250829_0830_interferenceAndInterferenceFree001,20250808,20250829,TSAL20250808_0830_staticAndStaticFree001,TSAL20250829_0830_interferenceAndInterferenceFree001,62,95,62,95,3.0664213433139387,2.5712729979348308,1.7066157425394444,-0.5288452847545357,0.5114041765940534,0.5114041765940534,0.0
26,relative_position,trim_r2_to_r1,R2->R1,TSAL20250808_0830_staticAndStaticFree001,TSAL20250829_0830_interferenceAndInterferenceFree001,20250808,20250829,TSAL20250829_0830_interferenceAndInterferenceFree001,TSAL20250808_0830_staticAndStaticFree001,62,95,95,62,3.0664213433139387,2.5712729979348308,1.7066157425394444,-0.5288452847545357,0.5620788060230935,0.5620788060230935,0.0
26,relative_position,trim_r1_to_r2,R1->R2,TSAL20250808_0830_staticAndStaticFree001,TSAL20250829_0830_interferenceAndInterferenceFree001,20250808,20250829,TSAL20250808_0830_staticAndStaticFree001,TSAL20250829_0830_interferenceAndInterferenceFree001,62,95,62,95,1.7066157425394444,2.2314050140595474,3.0664213433139387,0.6093943467038416,0.5114041765940534,0.5114041765940534,0.0
26,relative_position,trim_r1_to_r2,R2->R1,TSAL20250808_0830_staticAndStaticFree001,TSAL20250829_0830_interferenceAndInterferenceFree001,20250808,20250829,TSAL20250829_0830_interferenceAndInterferenceFree001,TSAL20250808_0830_staticAndStaticFree001,62,95,95,62,1.7066157425394444,2.2314050140595474,3.0664213433139387,0.6093943467038416,0.5620788060230935,0.5620788060230935,0.0
27,relative_position,trim_r2_to_r1,R1->R2,TSAL20250808_0830_staticAndStaticFree001,TSAL20250830_0830_interferenceAndInterferenceFree001,20250808,20250830,TSAL20250808_0830_staticAndStaticFree001,TSAL20250830_0830_interferenceAndInterferenceFree001,62,79,62,79,3.0664213433139387,2.5712729979348308,2.643647612482717,-0.1644219540946373,0.4515499453805927,0.45154994538059273,5.551115123125783e-17
27,relative_position,trim_r2_to_r1,R2->R1,TSAL20250808_0830_staticAndStaticFree001,TSAL20250830_0830_interferenceAndInterferenceFree001,20250808,20250830,TSAL20250830_0830_interferenceAndInterferenceFree001,TSAL20250808_0830_staticAndStaticFree001,62,79,79,62,3.0664213433139387,2.5712729979348308,2.643647612482717,-0.1644219540946373,0.4521308297676585,0.45213082976765856,5.551115123125783e-17
27,relative_position,trim_r1_to_r2,R1->R2,TSAL20250808_0830_staticAndStaticFree001,TSAL20250830_0830_interferenceAndInterferenceFree001,20250808,20250830,TSAL20250808_0830_staticAndStaticFree001,TSAL20250830_0830_interferenceAndInterferenceFree001,62,79,62,79,2.643647612482717,5.80027316898679,3.0664213433139387,0.0728885896429379,0.4515499453805927,0.45154994538059273,5.551115123125783e-17
27,relative_position,trim_r1_to_r2,R2->R1,TSAL20250808_0830_staticAndStaticFree001,TSAL20250830_0830_interferenceAndInterferenceFree001,20250808,20250830,TSAL20250830_0830_interferenceAndInterferenceFree001,TSAL20250808_0830_staticAndStaticFree001,62,79,79,62,2.643647612482717,5.80027316898679,3.0664213433139387,0.0728885896429379,0.4521308297676585,0.45213082976765856,5.551115123125783e-17
28,relative_position,trim_r2_to_r1,R1->R2,TSAL20250809_0830_staticAndStaticFree001,TSAL20250828_0830_interferenceAndInterferenceFree001,20250809,20250828,TSAL20250809_0830_staticAndStaticFree001,TSAL20250828_0830_interferenceAndInterferenceFree001,61,90,61,90,3.09551816819512,3.219852995427534,3.26942463462021,0.0540106851685627,0.3767451061638033,0.37674510616380336,5.551115123125783e-17
28,relative_position,trim_r2_to_r1,R2->R1,TSAL20250809_0830_staticAndStaticFree001,TSAL20250828_0830_interferenceAndInterferenceFree001,20250809,20250828,TSAL20250828_0830_interferenceAndInterferenceFree001,TSAL20250809_0830_staticAndStaticFree001,61,90,90,61,3.09551816819512,3.219852995427534,3.26942463462021,0.0540106851685627,0.4002239035600216,0.40022390356002163,5.551115123125783e-17
28,relative_position,trim_r1_to_r2,R1->R2,TSAL20250809_0830_staticAndStaticFree001,TSAL20250828_0830_interferenceAndInterferenceFree001,20250809,20250828,TSAL20250809_0830_staticAndStaticFree001,TSAL20250828_0830_interferenceAndInterferenceFree001,61,90,61,90,3.26942463462021,3.5366641470935463,3.09551816819512,-0.0491724572060391,0.3767451061638033,0.37674510616380336,5.551115123125783e-17
28,relative_position,trim_r1_to_r2,R2->R1,TSAL20250809_0830_staticAndStaticFree001,TSAL20250828_0830_interferenceAndInterferenceFree001,20250809,20250828,TSAL20250828_0830_interferenceAndInterferenceFree001,TSAL20250809_0830_staticAndStaticFree001,61,90,90,61,3.26942463462021,3.5366641470935463,3.09551816819512,-0.0491724572060391,0.4002239035600216,0.40022390356002163,5.551115123125783e-17
29,relative_position,trim_r2_to_r1,R1->R2,TSAL20250809_0830_staticAndStaticFree001,TSAL20250829_0830_interferenceAndInterferenceFree001,20250809,20250829,TSAL20250809_0830_staticAndStaticFree001,TSAL20250829_0830_interferenceAndInterferenceFree001,61,95,61,95,3.09551816819512,3.219852995427534,1.7066157425394444,-0.4313558499807399,0.4142041246200627,0.4142041246200627,0.0
29,relative_position,trim_r2_to_r1,R2->R1,TSAL20250809_0830_staticAndStaticFree001,TSAL20250829_0830_interferenceAndInterferenceFree001,20250809,20250829,TSAL20250829_0830_interferenceAndInterferenceFree001,TSAL20250809_0830_staticAndStaticFree001,61,95,95,61,3.09551816819512,3.219852995427534,1.7066157425394444,-0.4313558499807399,0.6933638180460813,0.6933638180460813,0.0
29,relative_position,trim_r1_to_r2,R1->R2,TSAL20250809_0830_staticAndStaticFree001,TSAL20250829_0830_interferenceAndInterferenceFree001,20250809,20250829,TSAL20250809_0830_staticAndStaticFree001,TSAL20250829_0830_interferenceAndInterferenceFree001,61,95,61,95,1.7066157425394444,2.2314050140595474,3.09551816819512,0.6224340345676982,0.4142041246200627,0.4142041246200627,0.0
29,relative_position,trim_r1_to_r2,R2->R1,TSAL20250809_0830_staticAndStaticFree001,TSAL20250829_0830_interferenceAndInterferenceFree001,20250809,20250829,TSAL20250829_0830_interferenceAndInterferenceFree001,TSAL20250809_0830_staticAndStaticFree001,61,95,95,61,1.7066157425394444,2.2314050140595474,3.09551816819512,0.6224340345676982,0.6933638180460813,0.6933638180460813,0.0
30,relative_position,trim_r2_to_r1,R1->R2,TSAL20250809_0830_staticAndStaticFree001,TSAL20250830_0830_interferenceAndInterferenceFree001,20250809,20250830,TSAL20250809_0830_staticAndStaticFree001,TSAL20250830_0830_interferenceAndInterferenceFree001,61,79,61,79,3.09551816819512,3.219852995427534,2.643647612482717,-0.1403388776922726,0.4160977039563749,0.4160977039563749,0.0
30,relative_position,trim_r2_to_r1,R2->R1,TSAL20250809_0830_staticAndStaticFree001,TSAL20250830_0830_interferenceAndInterferenceFree001,20250809,20250830,TSAL20250830_0830_interferenceAndInterferenceFree001,TSAL20250809_0830_staticAndStaticFree001,61,79,79,61,3.09551816819512,3.219852995427534,2.643647612482717,-0.1403388776922726,0.476202494022545,0.47620249402254505,5.551115123125783e-17
30,relative_position,trim_r1_to_r2,R1->R2,TSAL20250809_0830_staticAndStaticFree001,TSAL20250830_0830_interferenceAndInterferenceFree001,20250809,20250830,TSAL20250809_0830_staticAndStaticFree001,TSAL20250830_0830_interferenceAndInterferenceFree001,61,79,61,79,2.643647612482717,5.80027316898679,3.09551816819512,0.0779050473223378,0.4160977039563749,0.4160977039563749,0.0
30,relative_position,trim_r1_to_r2,R2->R1,TSAL20250809_0830_staticAndStaticFree001,TSAL20250830_0830_interferenceAndInterferenceFree001,20250809,20250830,TSAL20250830_0830_interferenceAndInterferenceFree001,TSAL20250809_0830_staticAndStaticFree001,61,79,79,61,2.643647612482717,5.80027316898679,3.09551816819512,0.0779050473223378,0.476202494022545,0.47620249402254505,5.551115123125783e-17
31,relative_position,trim_r2_to_r1,R1->R2,TSAL20250810_0830_staticAndStaticFree001,TSAL20250828_0830_interferenceAndInterferenceFree001,20250810,20250828,TSAL20250810_0830_staticAndStaticFree001,TSAL20250828_0830_interferenceAndInterferenceFree001,84,90,84,90,2.5929117192429443,2.5774103981596643,3.26942463462021,0.2624777628973302,0.2939688866191878,0.29396888661918785,5.551115123125783e-17
31,relative_position,trim_r2_to_r1,R2->R1,TSAL20250810_0830_staticAndStaticFree001,TSAL20250828_0830_interferenceAndInterferenceFree001,20250810,20250828,TSAL20250828_0830_interferenceAndInterferenceFree001,TSAL20250810_0830_staticAndStaticFree001,84,90,90,84,2.5929117192429443,2.5774103981596643,3.26942463462021,0.2624777628973302,0.5369357654475492,0.5369357654475492,0.0
31,relative_position,trim_r1_to_r2,R1->R2,TSAL20250810_0830_staticAndStaticFree001,TSAL20250828_0830_interferenceAndInterferenceFree001,20250810,20250828,TSAL20250810_0830_staticAndStaticFree001,TSAL20250828_0830_interferenceAndInterferenceFree001,83,90,83,90,3.26942463462021,3.5366641470935463,2.5929117192429443,-0.1912855977385436,0.2939688866191878,0.29239549588409347,-0.0015733907350943266
31,relative_position,trim_r1_to_r2,R2->R1,TSAL20250810_0830_staticAndStaticFree001,TSAL20250828_0830_interferenceAndInterferenceFree001,20250810,20250828,TSAL20250828_0830_interferenceAndInterferenceFree001,TSAL20250810_0830_staticAndStaticFree001,83,90,90,83,3.26942463462021,3.5366641470935463,2.5929117192429443,-0.1912855977385436,0.5369357654475492,0.5051796940403304,-0.03175607140721881
32,relative_position,trim_r2_to_r1,R1->R2,TSAL20250810_0830_staticAndStaticFree001,TSAL20250829_0830_interferenceAndInterferenceFree001,20250810,20250829,TSAL20250810_0830_staticAndStaticFree001,TSAL20250829_0830_interferenceAndInterferenceFree001,84,95,84,95,2.5929117192429443,2.5774103981596643,1.7066157425394444,-0.343870722852805,0.4545918331896126,0.4545918331896126,0.0
32,relative_position,trim_r2_to_r1,R2->R1,TSAL20250810_0830_staticAndStaticFree001,TSAL20250829_0830_interferenceAndInterferenceFree001,20250810,20250829,TSAL20250829_0830_interferenceAndInterferenceFree001,TSAL20250810_0830_staticAndStaticFree001,84,95,95,84,2.5929117192429443,2.5774103981596643,1.7066157425394444,-0.343870722852805,0.6243378955314558,0.6243378955314558,0.0
32,relative_position,trim_r1_to_r2,R1->R2,TSAL20250810_0830_staticAndStaticFree001,TSAL20250829_0830_interferenceAndInterferenceFree001,20250810,20250829,TSAL20250810_0830_staticAndStaticFree001,TSAL20250829_0830_interferenceAndInterferenceFree001,83,95,83,95,1.7066157425394444,2.2314050140595474,2.5929117192429443,0.3971918908128115,0.4545918331896126,0.4736041079224931,0.019012274732880474
32,relative_position,trim_r1_to_r2,R2->R1,TSAL20250810_0830_staticAndStaticFree001,TSAL20250829_0830_interferenceAndInterferenceFree001,20250810,20250829,TSAL20250829_0830_interferenceAndInterferenceFree001,TSAL20250810_0830_staticAndStaticFree001,83,95,95,83,1.7066157425394444,2.2314050140595474,2.5929117192429443,0.3971918908128115,0.6243378955314558,0.6378795931249872,0.01354169759353141
33,relative_position,trim_r2_to_r1,R1->R2,TSAL20250810_0830_staticAndStaticFree001,TSAL20250830_0830_interferenceAndInterferenceFree001,20250810,20250830,TSAL20250810_0830_staticAndStaticFree001,TSAL20250830_0830_interferenceAndInterferenceFree001,84,79,84,79,2.5929117192429443,2.5774103981596643,2.643647612482717,0.0196848329920605,0.4513788703648755,0.45137887036487556,5.551115123125783e-17
33,relative_position,trim_r2_to_r1,R2->R1,TSAL20250810_0830_staticAndStaticFree001,TSAL20250830_0830_interferenceAndInterferenceFree001,20250810,20250830,TSAL20250830_0830_interferenceAndInterferenceFree001,TSAL20250810_0830_staticAndStaticFree001,84,79,79,84,2.5929117192429443,2.5774103981596643,2.643647612482717,0.0196848329920605,0.3901013210053162,0.39010132100531625,5.551115123125783e-17
33,relative_position,trim_r1_to_r2,R1->R2,TSAL20250810_0830_staticAndStaticFree001,TSAL20250830_0830_interferenceAndInterferenceFree001,20250810,20250830,TSAL20250810_0830_staticAndStaticFree001,TSAL20250830_0830_interferenceAndInterferenceFree001,83,79,83,79,2.643647612482717,5.80027316898679,2.5929117192429443,-0.0087471558255308,0.4513788703648755,0.40747047762157956,-0.04390839274329594
33,relative_position,trim_r1_to_r2,R2->R1,TSAL20250810_0830_staticAndStaticFree001,TSAL20250830_0830_interferenceAndInterferenceFree001,20250810,20250830,TSAL20250830_0830_interferenceAndInterferenceFree001,TSAL20250810_0830_staticAndStaticFree001,83,79,79,83,2.643647612482717,5.80027316898679,2.5929117192429443,-0.0087471558255308,0.3901013210053162,0.39153471036398224,0.0014333893586660484
34,relative_position,trim_r2_to_r1,R1->R2,TSAL20250811_0830_staticAndStaticFree001,TSAL20250828_0830_interferenceAndInterferenceFree001,20250811,20250828,TSAL20250811_0830_staticAndStaticFree001,TSAL20250828_0830_interferenceAndInterferenceFree001,86,90,86,90,2.0624760614290167,2.2910511395660773,3.26942463462021,0.5268099661100486,0.4842069184943408,0.48420691849434083,5.551115123125783e-17
34,relative_position,trim_r2_to_r1,R2->R1,TSAL20250811_0830_staticAndStaticFree001,TSAL20250828_0830_interferenceAndInterferenceFree001,20250811,20250828,TSAL20250828_0830_interferenceAndInterferenceFree001,TSAL20250811_0830_staticAndStaticFree001,86,90,90,86,2.0624760614290167,2.2910511395660773,3.26942463462021,0.5268099661100486,0.572986142989006,0.572986142989006,0.0
34,relative_position,trim_r1_to_r2,R1->R2,TSAL20250811_0830_staticAndStaticFree001,TSAL20250828_0830_interferenceAndInterferenceFree001,20250811,20250828,TSAL20250811_0830_staticAndStaticFree001,TSAL20250828_0830_interferenceAndInterferenceFree001,86,90,86,90,3.26942463462021,3.5366641470935463,2.0624760614290167,-0.3412675116982967,0.4842069184943408,0.48420691849434083,5.551115123125783e-17
34,relative_position,trim_r1_to_r2,R2->R1,TSAL20250811_0830_staticAndStaticFree001,TSAL20250828_0830_interferenceAndInterferenceFree001,20250811,20250828,TSAL20250828_0830_interferenceAndInterferenceFree001,TSAL20250811_0830_staticAndStaticFree001,86,90,90,86,3.26942463462021,3.5366641470935463,2.0624760614290167,-0.3412675116982967,0.572986142989006,0.572986142989006,0.0
35,relative_position,trim_r2_to_r1,R1->R2,TSAL20250811_0830_staticAndStaticFree001,TSAL20250829_0830_interferenceAndInterferenceFree001,20250811,20250829,TSAL20250811_0830_staticAndStaticFree001,TSAL20250829_0830_interferenceAndInterferenceFree001,86,95,86,95,2.0624760614290167,2.2910511395660773,1.7066157425394444,-0.1553262224242501,0.3173987482468914,0.3173987482468914,0.0
35,relative_position,trim_r2_to_r1,R2->R1,TSAL20250811_0830_staticAndStaticFree001,TSAL20250829_0830_interferenceAndInterferenceFree001,20250811,20250829,TSAL20250829_0830_interferenceAndInterferenceFree001,TSAL20250811_0830_staticAndStaticFree001,86,95,95,86,2.0624760614290167,2.2910511395660773,1.7066157425394444,-0.1553262224242501,0.3878572708222896,0.38785727082228966,5.551115123125783e-17
35,relative_position,trim_r1_to_r2,R1->R2,TSAL20250811_0830_staticAndStaticFree001,TSAL20250829_0830_interferenceAndInterferenceFree001,20250811,20250829,TSAL20250811_0830_staticAndStaticFree001,TSAL20250829_0830_interferenceAndInterferenceFree001,86,95,86,95,1.7066157425394444,2.2314050140595474,2.0624760614290167,0.1594781389516389,0.3173987482468914,0.3173987482468914,0.0
35,relative_position,trim_r1_to_r2,R2->R1,TSAL20250811_0830_staticAndStaticFree001,TSAL20250829_0830_interferenceAndInterferenceFree001,20250811,20250829,TSAL20250829_0830_interferenceAndInterferenceFree001,TSAL20250811_0830_staticAndStaticFree001,86,95,95,86,1.7066157425394444,2.2314050140595474,2.0624760614290167,0.1594781389516389,0.3878572708222896,0.38785727082228966,5.551115123125783e-17
36,relative_position,trim_r2_to_r1,R1->R2,TSAL20250811_0830_staticAndStaticFree001,TSAL20250830_0830_interferenceAndInterferenceFree001,20250811,20250830,TSAL20250811_0830_staticAndStaticFree001,TSAL20250830_0830_interferenceAndInterferenceFree001,86,79,86,79,2.0624760614290167,2.2910511395660773,2.643647612482717,0.2536702655898698,0.5559034613029286,0.5559034613029286,0.0
36,relative_position,trim_r2_to_r1,R2->R1,TSAL20250811_0830_staticAndStaticFree001,TSAL20250830_0830_interferenceAndInterferenceFree001,20250811,20250830,TSAL20250830_0830_interferenceAndInterferenceFree001,TSAL20250811_0830_staticAndStaticFree001,86,79,79,86,2.0624760614290167,2.2910511395660773,2.643647612482717,0.2536702655898698,0.393255618234805,0.39325561823480504,5.551115123125783e-17
36,relative_position,trim_r1_to_r2,R1->R2,TSAL20250811_0830_staticAndStaticFree001,TSAL20250830_0830_interferenceAndInterferenceFree001,20250811,20250830,TSAL20250811_0830_staticAndStaticFree001,TSAL20250830_0830_interferenceAndInterferenceFree001,86,79,86,79,2.643647612482717,5.80027316898679,2.0624760614290167,-0.1001972724597075,0.5559034613029286,0.5559034613029286,0.0
36,relative_position,trim_r1_to_r2,R2->R1,TSAL20250811_0830_staticAndStaticFree001,TSAL20250830_0830_interferenceAndInterferenceFree001,20250811,20250830,TSAL20250830_0830_interferenceAndInterferenceFree001,TSAL20250811_0830_staticAndStaticFree001,86,79,79,86,2.643647612482717,5.80027316898679,2.0624760614290167,-0.1001972724597075,0.393255618234805,0.39325561823480504,5.551115123125783e-17
37,relative_position,trim_r2_to_r1,R1->R2,TSAL20250812_0830_staticAndStaticFree001,TSAL20250828_0830_interferenceAndInterferenceFree001,20250812,20250828,TSAL20250812_0830_staticAndStaticFree001,TSAL20250828_0830_interferenceAndInterferenceFree001,76,90,76,90,1.7866628573470291,1.6561844480185632,3.26942463462021,0.8952878280237065,0.4866335483841918,0.48663354838419187,5.551115123125783e-17
37,relative_position,trim_r2_to_r1,R2->R1,TSAL20250812_0830_staticAndStaticFree001,TSAL20250828_0830_interferenceAndInterferenceFree001,20250812,20250828,TSAL20250828_0830_interferenceAndInterferenceFree001,TSAL20250812_0830_staticAndStaticFree001,76,90,90,76,1.7866628573470291,1.6561844480185632,3.26942463462021,0.8952878280237065,0.4897670112048637,0.4897670112048637,0.0
37,relative_position,trim_r1_to_r2,R1->R2,TSAL20250812_0830_staticAndStaticFree001,TSAL20250828_0830_interferenceAndInterferenceFree001,20250812,20250828,TSAL20250812_0830_staticAndStaticFree001,TSAL20250828_0830_interferenceAndInterferenceFree001,76,90,76,90,3.26942463462021,3.5366641470935463,1.7866628573470291,-0.4192543356121966,0.4866335483841918,0.48663354838419187,5.551115123125783e-17
37,relative_position,trim_r1_to_r2,R2->R1,TSAL20250812_0830_staticAndStaticFree001,TSAL20250828_0830_interferenceAndInterferenceFree001,20250812,20250828,TSAL20250828_0830_interferenceAndInterferenceFree001,TSAL20250812_0830_staticAndStaticFree001,76,90,90,76,3.26942463462021,3.5366641470935463,1.7866628573470291,-0.4192543356121966,0.4897670112048637,0.4897670112048637,0.0
38,relative_position,trim_r2_to_r1,R1->R2,TSAL20250812_0830_staticAndStaticFree001,TSAL20250829_0830_interferenceAndInterferenceFree001,20250812,20250829,TSAL20250812_0830_staticAndStaticFree001,TSAL20250829_0830_interferenceAndInterferenceFree001,76,95,76,95,1.7866628573470291,1.6561844480185632,1.7066157425394444,-0.0483322463891943,0.3831458129686703,0.38314581296867034,5.551115123125783e-17
38,relative_position,trim_r2_to_r1,R2->R1,TSAL20250812_0830_staticAndStaticFree001,TSAL20250829_0830_interferenceAndInterferenceFree001,20250812,20250829,TSAL20250829_0830_interferenceAndInterferenceFree001,TSAL20250812_0830_staticAndStaticFree001,76,95,95,76,1.7866628573470291,1.6561844480185632,1.7066157425394444,-0.0483322463891943,0.576555652103907,0.576555652103907,0.0
38,relative_position,trim_r1_to_r2,R1->R2,TSAL20250812_0830_staticAndStaticFree001,TSAL20250829_0830_interferenceAndInterferenceFree001,20250812,20250829,TSAL20250812_0830_staticAndStaticFree001,TSAL20250829_0830_interferenceAndInterferenceFree001,76,95,76,95,1.7066157425394444,2.2314050140595474,1.7866628573470291,0.0358729653752802,0.3831458129686703,0.38314581296867034,5.551115123125783e-17
38,relative_position,trim_r1_to_r2,R2->R1,TSAL20250812_0830_staticAndStaticFree001,TSAL20250829_0830_interferenceAndInterferenceFree001,20250812,20250829,TSAL20250829_0830_interferenceAndInterferenceFree001,TSAL20250812_0830_staticAndStaticFree001,76,95,95,76,1.7066157425394444,2.2314050140595474,1.7866628573470291,0.0358729653752802,0.576555652103907,0.576555652103907,0.0
39,relative_position,trim_r2_to_r1,R1->R2,TSAL20250812_0830_staticAndStaticFree001,TSAL20250830_0830_interferenceAndInterferenceFree001,20250812,20250830,TSAL20250812_0830_staticAndStaticFree001,TSAL20250830_0830_interferenceAndInterferenceFree001,76,79,76,79,1.7866628573470291,1.6561844480185632,2.643647612482717,0.5174452375524798,0.4921715057673056,0.4921715057673056,0.0
39,relative_position,trim_r2_to_r1,R2->R1,TSAL20250812_0830_staticAndStaticFree001,TSAL20250830_0830_interferenceAndInterferenceFree001,20250812,20250830,TSAL20250830_0830_interferenceAndInterferenceFree001,TSAL20250812_0830_staticAndStaticFree001,76,79,79,76,1.7866628573470291,1.6561844480185632,2.643647612482717,0.5174452375524798,0.242043872565884,0.24204387256588403,2.7755575615628914e-17
39,relative_position,trim_r1_to_r2,R1->R2,TSAL20250812_0830_staticAndStaticFree001,TSAL20250830_0830_interferenceAndInterferenceFree001,20250812,20250830,TSAL20250812_0830_staticAndStaticFree001,TSAL20250830_0830_interferenceAndInterferenceFree001,76,79,76,79,2.643647612482717,5.80027316898679,1.7866628573470291,-0.147749033565843,0.4921715057673056,0.4921715057673056,0.0
39,relative_position,trim_r1_to_r2,R2->R1,TSAL20250812_0830_staticAndStaticFree001,TSAL20250830_0830_interferenceAndInterferenceFree001,20250812,20250830,TSAL20250830_0830_interferenceAndInterferenceFree001,TSAL20250812_0830_staticAndStaticFree001,76,79,79,76,2.643647612482717,5.80027316898679,1.7866628573470291,-0.147749033565843,0.242043872565884,0.24204387256588403,2.7755575615628914e-17
40,relative_position,trim_r2_to_r1,R1->R2,TSAL20250813_0830_staticAndStaticFree001,TSAL20250828_0830_interferenceAndInterferenceFree001,20250813,20250828,TSAL20250813_0830_staticAndStaticFree001,TSAL20250828_0830_interferenceAndInterferenceFree001,58,89,58,89,1.5388619372861965,1.4411597411646346,2.968565218392912,0.9920505272728056,0.4442348886347542,0.37801368199465196,-0.06622120664010223
40,relative_position,trim_r2_to_r1,R2->R1,TSAL20250813_0830_staticAndStaticFree001,TSAL20250828_0830_interferenceAndInterferenceFree001,20250813,20250828,TSAL20250828_0830_interferenceAndInterferenceFree001,TSAL20250813_0830_staticAndStaticFree001,58,89,89,58,1.5388619372861965,1.4411597411646346,2.968565218392912,0.9920505272728056,0.5201304820173397,0.5286955502218088,0.008565068204469117
40,relative_position,trim_r1_to_r2,R1->R2,TSAL20250813_0830_staticAndStaticFree001,TSAL20250828_0830_interferenceAndInterferenceFree001,20250813,20250828,TSAL20250813_0830_staticAndStaticFree001,TSAL20250828_0830_interferenceAndInterferenceFree001,58,90,58,90,3.26942463462021,3.5366641470935463,1.5388619372861965,-0.4893206211724122,0.4442348886347542,0.4442348886347542,0.0
40,relative_position,trim_r1_to_r2,R2->R1,TSAL20250813_0830_staticAndStaticFree001,TSAL20250828_0830_interferenceAndInterferenceFree001,20250813,20250828,TSAL20250828_0830_interferenceAndInterferenceFree001,TSAL20250813_0830_staticAndStaticFree001,58,90,90,58,3.26942463462021,3.5366641470935463,1.5388619372861965,-0.4893206211724122,0.5201304820173397,0.5201304820173397,0.0
41,relative_position,trim_r2_to_r1,R1->R2,TSAL20250813_0830_staticAndStaticFree001,TSAL20250829_0830_interferenceAndInterferenceFree001,20250813,20250829,TSAL20250813_0830_staticAndStaticFree001,TSAL20250829_0830_interferenceAndInterferenceFree001,58,95,58,95,1.5388619372861965,1.4411597411646346,1.7066157425394444,0.1164019507772831,0.4922166859111386,0.4922166859111386,0.0
41,relative_position,trim_r2_to_r1,R2->R1,TSAL20250813_0830_staticAndStaticFree001,TSAL20250829_0830_interferenceAndInterferenceFree001,20250813,20250829,TSAL20250829_0830_interferenceAndInterferenceFree001,TSAL20250813_0830_staticAndStaticFree001,58,95,95,58,1.5388619372861965,1.4411597411646346,1.7066157425394444,0.1164019507772831,0.5052481534154207,0.5052481534154207,0.0
41,relative_position,trim_r1_to_r2,R1->R2,TSAL20250813_0830_staticAndStaticFree001,TSAL20250829_0830_interferenceAndInterferenceFree001,20250813,20250829,TSAL20250813_0830_staticAndStaticFree001,TSAL20250829_0830_interferenceAndInterferenceFree001,58,95,58,95,1.7066157425394444,2.2314050140595474,1.5388619372861965,-0.0751785553031706,0.4922166859111386,0.4922166859111386,0.0
41,relative_position,trim_r1_to_r2,R2->R1,TSAL20250813_0830_staticAndStaticFree001,TSAL20250829_0830_interferenceAndInterferenceFree001,20250813,20250829,TSAL20250829_0830_interferenceAndInterferenceFree001,TSAL20250813_0830_staticAndStaticFree001,58,95,95,58,1.7066157425394444,2.2314050140595474,1.5388619372861965,-0.0751785553031706,0.5052481534154207,0.5052481534154207,0.0
42,relative_position,trim_r2_to_r1,R1->R2,TSAL20250813_0830_staticAndStaticFree001,TSAL20250830_0830_interferenceAndInterferenceFree001,20250813,20250830,TSAL20250813_0830_staticAndStaticFree001,TSAL20250830_0830_interferenceAndInterferenceFree001,58,79,58,79,1.5388619372861965,1.4411597411646346,2.643647612482717,0.7665948774725819,0.4482569277669474,0.4482569277669474,0.0
42,relative_position,trim_r2_to_r1,R2->R1,TSAL20250813_0830_staticAndStaticFree001,TSAL20250830_0830_interferenceAndInterferenceFree001,20250813,20250830,TSAL20250830_0830_interferenceAndInterferenceFree001,TSAL20250813_0830_staticAndStaticFree001,58,79,79,58,1.5388619372861965,1.4411597411646346,2.643647612482717,0.7665948774725819,0.212969850086503,0.21296985008650304,5.551115123125783e-17
42,relative_position,trim_r1_to_r2,R1->R2,TSAL20250813_0830_staticAndStaticFree001,TSAL20250830_0830_interferenceAndInterferenceFree001,20250813,20250830,TSAL20250813_0830_staticAndStaticFree001,TSAL20250830_0830_interferenceAndInterferenceFree001,58,79,58,79,2.643647612482717,5.80027316898679,1.5388619372861965,-0.1904713179895816,0.4482569277669474,0.4482569277669474,0.0
42,relative_position,trim_r1_to_r2,R2->R1,TSAL20250813_0830_staticAndStaticFree001,TSAL20250830_0830_interferenceAndInterferenceFree001,20250813,20250830,TSAL20250830_0830_interferenceAndInterferenceFree001,TSAL20250813_0830_staticAndStaticFree001,58,79,79,58,2.643647612482717,5.80027316898679,1.5388619372861965,-0.1904713179895816,0.212969850086503,0.21296985008650304,5.551115123125783e-17
