animal,match_metric,pair_id,r1_session,r1_date,r2_session,r2_date,match_direction,anchor_session,trimmed_session,anchor_pair_mean,anchor_pair_sd,anchor_band_sd_multiplier,anchor_band_lower,anchor_band_upper,trimmed_start_pair_mean,selected_pair_mean,selected_anchor_z,distance_to_anchor_band,deletion_direction,status,within_anchor_band,selected_step,n_anchor_full,n_trimmed_start,n_trimmed_remaining,n_trimmed_removed
TS,position,1,TSAL20250731_0830_staticAndStaticFree,20250731,TSAL20250828_0830_interferenceAndInterferenceFree001,20250828,trim_r2_to_r1,TSAL20250731_0830_staticAndStaticFree,TSAL20250828_0830_interferenceAndInterferenceFree001,7.366623059137062,13.325177788482605,2.0,0.0,34.01697863610227,3.26942463462021,3.26942463462021,-0.30747795560808183,0.0,inside,inside_initial,True,0,43,90,90,0
TS,position,1,TSAL20250731_0830_staticAndStaticFree,20250731,TSAL20250828_0830_interferenceAndInterferenceFree001,20250828,trim_r1_to_r2,TSAL20250828_0830_interferenceAndInterferenceFree001,TSAL20250731_0830_staticAndStaticFree,3.26942463462021,3.5366641470935463,2.0,0.0,10.342752928807302,7.366623059137062,7.366623059137062,1.1584923685456412,0.0,inside,inside_initial,True,0,90,43,43,0
TS,position,2,TSAL20250731_0830_staticAndStaticFree,20250731,TSAL20250829_0830_interferenceAndInterferenceFree001,20250829,trim_r2_to_r1,TSAL20250731_0830_staticAndStaticFree,TSAL20250829_0830_interferenceAndInterferenceFree001,7.366623059137062,13.325177788482605,2.0,0.0,34.01697863610227,1.7066157425394444,1.7066157425394444,-0.42476036015742696,0.0,inside,inside_initial,True,0,43,95,95,0
TS,position,2,TSAL20250731_0830_staticAndStaticFree,20250731,TSAL20250829_0830_interferenceAndInterferenceFree001,20250829,trim_r1_to_r2,TSAL20250829_0830_interferenceAndInterferenceFree001,TSAL20250731_0830_staticAndStaticFree,1.7066157425394444,2.2314050140595474,2.0,0.0,6.169425770658539,7.366623059137062,4.812661894158791,1.391968796363231,0.0,down,entered_band,True,1,95,43,42,1
TS,position,3,TSAL20250731_0830_staticAndStaticFree,20250731,TSAL20250830_0830_interferenceAndInterferenceFree001,20250830,trim_r2_to_r1,TSAL20250731_0830_staticAndStaticFree,TSAL20250830_0830_interferenceAndInterferenceFree001,7.366623059137062,13.325177788482605,2.0,0.0,34.01697863610227,2.6436476124827175,2.6436476124827175,-0.3544399573217379,0.0,inside,inside_initial,True,0,43,79,79,0
TS,position,3,TSAL20250731_0830_staticAndStaticFree,20250731,TSAL20250830_0830_interferenceAndInterferenceFree001,20250830,trim_r1_to_r2,TSAL20250830_0830_interferenceAndInterferenceFree001,TSAL20250731_0830_staticAndStaticFree,2.6436476124827175,5.80027316898679,2.0,0.0,14.244193950456296,7.366623059137062,7.366623059137062,0.8142677610267396,0.0,inside,inside_initial,True,0,79,43,43,0
TS,position,4,TSAL20250801_0830_staticAndStaticFree,20250801,TSAL20250828_0830_interferenceAndInterferenceFree001,20250828,trim_r2_to_r1,TSAL20250801_0830_staticAndStaticFree,TSAL20250828_0830_interferenceAndInterferenceFree001,3.921318354201199,4.689187917039048,2.0,0.0,13.299694188279295,3.26942463462021,3.26942463462021,-0.13902060039270556,0.0,inside,inside_initial,True,0,91,90,90,0
TS,position,4,TSAL20250801_0830_staticAndStaticFree,20250801,TSAL20250828_0830_interferenceAndInterferenceFree001,20250828,trim_r1_to_r2,TSAL20250828_0830_interferenceAndInterferenceFree001,TSAL20250801_0830_staticAndStaticFree,3.26942463462021,3.5366641470935463,2.0,0.0,10.342752928807302,3.921318354201199,3.921318354201199,0.1843244629594584,0.0,inside,inside_initial,True,0,90,91,91,0
TS,position,5,TSAL20250801_0830_staticAndStaticFree,20250801,TSAL20250829_0830_interferenceAndInterferenceFree001,20250829,trim_r2_to_r1,TSAL20250801_0830_staticAndStaticFree,TSAL20250829_0830_interferenceAndInterferenceFree001,3.921318354201199,4.689187917039048,2.0,0.0,13.299694188279295,1.7066157425394444,1.7066157425394444,-0.4722998205327228,0.0,inside,inside_initial,True,0,91,95,95,0
TS,position,5,TSAL20250801_0830_staticAndStaticFree,20250801,TSAL20250829_0830_interferenceAndInterferenceFree001,20250829,trim_r1_to_r2,TSAL20250829_0830_interferenceAndInterferenceFree001,TSAL20250801_0830_staticAndStaticFree,1.7066157425394444,2.2314050140595474,2.0,0.0,6.169425770658539,3.921318354201199,3.921318354201199,0.99251484948158,0.0,inside,inside_initial,True,0,95,91,91,0
TS,position,6,TSAL20250801_0830_staticAndStaticFree,20250801,TSAL20250830_0830_interferenceAndInterferenceFree001,20250830,trim_r2_to_r1,TSAL20250801_0830_staticAndStaticFree,TSAL20250830_0830_interferenceAndInterferenceFree001,3.921318354201199,4.689187917039048,2.0,0.0,13.299694188279295,2.6436476124827175,2.6436476124827175,-0.2724716442000168,0.0,inside,inside_initial,True,0,91,79,79,0
TS,position,6,TSAL20250801_0830_staticAndStaticFree,20250801,TSAL20250830_0830_interferenceAndInterferenceFree001,20250830,trim_r1_to_r2,TSAL20250830_0830_interferenceAndInterferenceFree001,TSAL20250801_0830_staticAndStaticFree,2.6436476124827175,5.80027316898679,2.0,0.0,14.244193950456296,3.921318354201199,3.921318354201199,0.2202776842563208,0.0,inside,inside_initial,True,0,79,91,91,0
TS,position,7,TSAL20250802_0830_staticAndStaticFree001,20250802,TSAL20250828_0830_interferenceAndInterferenceFree001,20250828,trim_r2_to_r1,TSAL20250802_0830_staticAndStaticFree001,TSAL20250828_0830_interferenceAndInterferenceFree001,2.9486902685961254,3.679612776174863,2.0,0.0,10.307915820945851,3.26942463462021,3.26942463462021,0.08716524958843731,0.0,inside,inside_initial,True,0,75,90,90,0
TS,position,7,TSAL20250802_0830_staticAndStaticFree001,20250802,TSAL20250828_0830_interferenceAndInterferenceFree001,20250828,trim_r1_to_r2,TSAL20250828_0830_interferenceAndInterferenceFree001,TSAL20250802_0830_staticAndStaticFree001,3.26942463462021,3.5366641470935463,2.0,0.0,10.342752928807302,2.9486902685961254,2.9486902685961254,-0.09068838676346078,0.0,inside,inside_initial,True,0,90,75,75,0
TS,position,8,TSAL20250802_0830_staticAndStaticFree001,20250802,TSAL20250829_0830_interferenceAndInterferenceFree001,20250829,trim_r2_to_r1,TSAL20250802_0830_staticAndStaticFree001,TSAL20250829_0830_interferenceAndInterferenceFree001,2.9486902685961254,3.679612776174863,2.0,0.0,10.307915820945851,1.7066157425394444,1.7066157425394444,-0.3375557705688472,0.0,inside,inside_initial,True,0,75,95,95,0
TS,position,8,TSAL20250802_0830_staticAndStaticFree001,20250802,TSAL20250829_0830_interferenceAndInterferenceFree001,20250829,trim_r1_to_r2,TSAL20250829_0830_interferenceAndInterferenceFree001,TSAL20250802_0830_staticAndStaticFree001,1.7066157425394444,2.2314050140595474,2.0,0.0,6.169425770658539,2.9486902685961254,2.9486902685961254,0.5566333848990513,0.0,inside,inside_initial,True,0,95,75,75,0
TS,position,9,TSAL20250802_0830_staticAndStaticFree001,20250802,TSAL20250830_0830_interferenceAndInterferenceFree001,20250830,trim_r2_to_r1,TSAL20250802_0830_staticAndStaticFree001,TSAL20250830_0830_interferenceAndInterferenceFree001,2.9486902685961254,3.679612776174863,2.0,0.0,10.307915820945851,2.6436476124827175,2.6436476124827175,-0.08290074925506552,0.0,inside,inside_initial,True,0,75,79,79,0
TS,position,9,TSAL20250802_0830_staticAndStaticFree001,20250802,TSAL20250830_0830_interferenceAndInterferenceFree001,20250830,trim_r1_to_r2,TSAL20250830_0830_interferenceAndInterferenceFree001,TSAL20250802_0830_staticAndStaticFree001,2.6436476124827175,5.80027316898679,2.0,0.0,14.244193950456296,2.9486902685961254,2.9486902685961254,0.052591084458646915,0.0,inside,inside_initial,True,0,79,75,75,0
TS,position,10,TSAL20250803_1400_staticAndStaticFree001,20250803,TSAL20250828_0830_interferenceAndInterferenceFree001,20250828,trim_r2_to_r1,TSAL20250803_1400_staticAndStaticFree001,TSAL20250828_0830_interferenceAndInterferenceFree001,4.382162315633919,4.335970958076992,2.0,0.0,13.054104231787903,3.26942463462021,3.26942463462021,-0.2566294128287265,0.0,inside,inside_initial,True,0,75,90,90,0
TS,position,10,TSAL20250803_1400_staticAndStaticFree001,20250803,TSAL20250828_0830_interferenceAndInterferenceFree001,20250828,trim_r1_to_r2,TSAL20250828_0830_interferenceAndInterferenceFree001,TSAL20250803_1400_staticAndStaticFree001,3.26942463462021,3.5366641470935463,2.0,0.0,10.342752928807302,4.382162315633919,4.382162315633919,0.3146291631700918,0.0,inside,inside_initial,True,0,90,75,75,0
TS,position,11,TSAL20250803_1400_staticAndStaticFree001,20250803,TSAL20250829_0830_interferenceAndInterferenceFree001,20250829,trim_r2_to_r1,TSAL20250803_1400_staticAndStaticFree001,TSAL20250829_0830_interferenceAndInterferenceFree001,4.382162315633919,4.335970958076992,2.0,0.0,13.054104231787903,1.7066157425394444,1.7066157425394444,-0.6170582319308436,0.0,inside,inside_initial,True,0,75,95,95,0
TS,position,11,TSAL20250803_1400_staticAndStaticFree001,20250803,TSAL20250829_0830_interferenceAndInterferenceFree001,20250829,trim_r1_to_r2,TSAL20250829_0830_interferenceAndInterferenceFree001,TSAL20250803_1400_staticAndStaticFree001,1.7066157425394444,2.2314050140595474,2.0,0.0,6.169425770658539,4.382162315633919,4.382162315633919,1.1990412122570748,0.0,inside,inside_initial,True,0,95,75,75,0
TS,position,12,TSAL20250803_1400_staticAndStaticFree001,20250803,TSAL20250830_0830_interferenceAndInterferenceFree001,20250830,trim_r2_to_r1,TSAL20250803_1400_staticAndStaticFree001,TSAL20250830_0830_interferenceAndInterferenceFree001,4.382162315633919,4.335970958076992,2.0,0.0,13.054104231787903,2.6436476124827175,2.6436476124827175,-0.4009516484220722,0.0,inside,inside_initial,True,0,75,79,79,0
TS,position,12,TSAL20250803_1400_staticAndStaticFree001,20250803,TSAL20250830_0830_interferenceAndInterferenceFree001,20250830,trim_r1_to_r2,TSAL20250830_0830_interferenceAndInterferenceFree001,TSAL20250803_1400_staticAndStaticFree001,2.6436476124827175,5.80027316898679,2.0,0.0,14.244193950456296,4.382162315633919,4.382162315633919,0.29972979763208135,0.0,inside,inside_initial,True,0,79,75,75,0
TS,position,13,TSAL20250804_0830_staticAndStaticFree001,20250804,TSAL20250828_0830_interferenceAndInterferenceFree001,20250828,trim_r2_to_r1,TSAL20250804_0830_staticAndStaticFree001,TSAL20250828_0830_interferenceAndInterferenceFree001,3.803184840273542,8.868102979100739,2.0,0.0,21.53939079847502,3.26942463462021,3.26942463462021,-0.06018876944835135,0.0,inside,inside_initial,True,0,70,90,90,0
TS,position,13,TSAL20250804_0830_staticAndStaticFree001,20250804,TSAL20250828_0830_interferenceAndInterferenceFree001,20250828,trim_r1_to_r2,TSAL20250828_0830_interferenceAndInterferenceFree001,TSAL20250804_0830_staticAndStaticFree001,3.26942463462021,3.5366641470935463,2.0,0.0,10.342752928807302,3.803184840273542,3.803184840273542,0.1509219375812034,0.0,inside,inside_initial,True,0,90,70,70,0
TS,position,14,TSAL20250804_0830_staticAndStaticFree001,20250804,TSAL20250829_0830_interferenceAndInterferenceFree001,20250829,trim_r2_to_r1,TSAL20250804_0830_staticAndStaticFree001,TSAL20250829_0830_interferenceAndInterferenceFree001,3.803184840273542,8.868102979100739,2.0,0.0,21.53939079847502,1.7066157425394444,1.7066157425394444,-0.23641686420140087,0.0,inside,inside_initial,True,0,70,95,95,0
TS,position,14,TSAL20250804_0830_staticAndStaticFree001,20250804,TSAL20250829_0830_interferenceAndInterferenceFree001,20250829,trim_r1_to_r2,TSAL20250829_0830_interferenceAndInterferenceFree001,TSAL20250804_0830_staticAndStaticFree001,1.7066157425394444,2.2314050140595474,2.0,0.0,6.169425770658539,3.803184840273542,3.803184840273542,0.9395735352946324,0.0,inside,inside_initial,True,0,95,70,70,0
TS,position,15,TSAL20250804_0830_staticAndStaticFree001,20250804,TSAL20250830_0830_interferenceAndInterferenceFree001,20250830,trim_r2_to_r1,TSAL20250804_0830_staticAndStaticFree001,TSAL20250830_0830_interferenceAndInterferenceFree001,3.803184840273542,8.868102979100739,2.0,0.0,21.53939079847502,2.6436476124827175,2.6436476124827175,-0.13075369450754917,0.0,inside,inside_initial,True,0,70,79,79,0
TS,position,15,TSAL20250804_0830_staticAndStaticFree001,20250804,TSAL20250830_0830_interferenceAndInterferenceFree001,20250830,trim_r1_to_r2,TSAL20250830_0830_interferenceAndInterferenceFree001,TSAL20250804_0830_staticAndStaticFree001,2.6436476124827175,5.80027316898679,2.0,0.0,14.244193950456296,3.803184840273542,3.803184840273542,0.19991079626916544,0.0,inside,inside_initial,True,0,79,70,70,0
TS,position,16,TSAL20250805_0830_staticAndStaticFree001,20250805,TSAL20250828_0830_interferenceAndInterferenceFree001,20250828,trim_r2_to_r1,TSAL20250805_0830_staticAndStaticFree001,TSAL20250828_0830_interferenceAndInterferenceFree001,3.357339070422118,3.652336600000786,2.0,0.0,10.66201227042369,3.26942463462021,3.26942463462021,-0.02407073756616217,0.0,inside,inside_initial,True,0,78,90,90,0
TS,position,16,TSAL20250805_0830_staticAndStaticFree001,20250805,TSAL20250828_0830_interferenceAndInterferenceFree001,20250828,trim_r1_to_r2,TSAL20250828_0830_interferenceAndInterferenceFree001,TSAL20250805_0830_staticAndStaticFree001,3.26942463462021,3.5366641470935463,2.0,0.0,10.342752928807302,3.357339070422118,3.357339070422118,0.024858010867149092,0.0,inside,inside_initial,True,0,90,78,78,0
TS,position,17,TSAL20250805_0830_staticAndStaticFree001,20250805,TSAL20250829_0830_interferenceAndInterferenceFree001,20250829,trim_r2_to_r1,TSAL20250805_0830_staticAndStaticFree001,TSAL20250829_0830_interferenceAndInterferenceFree001,3.357339070422118,3.652336600000786,2.0,0.0,10.66201227042369,1.7066157425394444,1.7066157425394444,-0.45196363552097535,0.0,inside,inside_initial,True,0,78,95,95,0
TS,position,17,TSAL20250805_0830_staticAndStaticFree001,20250805,TSAL20250829_0830_interferenceAndInterferenceFree001,20250829,trim_r1_to_r2,TSAL20250829_0830_interferenceAndInterferenceFree001,TSAL20250805_0830_staticAndStaticFree001,1.7066157425394444,2.2314050140595474,2.0,0.0,6.169425770658539,3.357339070422118,3.357339070422118,0.739768584135046,0.0,inside,inside_initial,True,0,95,78,78,0
TS,position,18,TSAL20250805_0830_staticAndStaticFree001,20250805,TSAL20250830_0830_interferenceAndInterferenceFree001,20250830,trim_r2_to_r1,TSAL20250805_0830_staticAndStaticFree001,TSAL20250830_0830_interferenceAndInterferenceFree001,3.357339070422118,3.652336600000786,2.0,0.0,10.66201227042369,2.6436476124827175,2.6436476124827175,-0.19540681380222372,0.0,inside,inside_initial,True,0,78,79,79,0
TS,position,18,TSAL20250805_0830_staticAndStaticFree001,20250805,TSAL20250830_0830_interferenceAndInterferenceFree001,20250830,trim_r1_to_r2,TSAL20250830_0830_interferenceAndInterferenceFree001,TSAL20250805_0830_staticAndStaticFree001,2.6436476124827175,5.80027316898679,2.0,0.0,14.244193950456296,3.357339070422118,3.357339070422118,0.12304445620861515,0.0,inside,inside_initial,True,0,79,78,78,0
TS,position,19,TSAL20250806_0830_staticAndStaticFree001,20250806,TSAL20250828_0830_interferenceAndInterferenceFree001,20250828,trim_r2_to_r1,TSAL20250806_0830_staticAndStaticFree001,TSAL20250828_0830_interferenceAndInterferenceFree001,3.105854038146293,2.5347288369666168,2.0,0.0,8.175311712079527,3.26942463462021,3.26942463462021,0.06453179294305365,0.0,inside,inside_initial,True,0,100,90,90,0
TS,position,19,TSAL20250806_0830_staticAndStaticFree001,20250806,TSAL20250828_0830_interferenceAndInterferenceFree001,20250828,trim_r1_to_r2,TSAL20250828_0830_interferenceAndInterferenceFree001,TSAL20250806_0830_staticAndStaticFree001,3.26942463462021,3.5366641470935463,2.0,0.0,10.342752928807302,3.105854038146293,3.105854038146293,-0.04624996597665071,0.0,inside,inside_initial,True,0,90,100,100,0
TS,position,20,TSAL20250806_0830_staticAndStaticFree001,20250806,TSAL20250829_0830_interferenceAndInterferenceFree001,20250829,trim_r2_to_r1,TSAL20250806_0830_staticAndStaticFree001,TSAL20250829_0830_interferenceAndInterferenceFree001,3.105854038146293,2.5347288369666168,2.0,0.0,8.175311712079527,1.7066157425394444,1.7066157425394444,-0.5520268184905166,0.0,inside,inside_initial,True,0,100,95,95,0
TS,position,20,TSAL20250806_0830_staticAndStaticFree001,20250806,TSAL20250829_0830_interferenceAndInterferenceFree001,20250829,trim_r1_to_r2,TSAL20250829_0830_interferenceAndInterferenceFree001,TSAL20250806_0830_staticAndStaticFree001,1.7066157425394444,2.2314050140595474,2.0,0.0,6.169425770658539,3.105854038146293,3.105854038146293,0.6270660354308537,0.0,inside,inside_initial,True,0,95,100,100,0
TS,position,21,TSAL20250806_0830_staticAndStaticFree001,20250806,TSAL20250830_0830_interferenceAndInterferenceFree001,20250830,trim_r2_to_r1,TSAL20250806_0830_staticAndStaticFree001,TSAL20250830_0830_interferenceAndInterferenceFree001,3.105854038146293,2.5347288369666168,2.0,0.0,8.175311712079527,2.6436476124827175,2.6436476124827175,-0.1823494564478587,0.0,inside,inside_initial,True,0,100,79,79,0
TS,position,21,TSAL20250806_0830_staticAndStaticFree001,20250806,TSAL20250830_0830_interferenceAndInterferenceFree001,20250830,trim_r1_to_r2,TSAL20250830_0830_interferenceAndInterferenceFree001,TSAL20250806_0830_staticAndStaticFree001,2.6436476124827175,5.80027316898679,2.0,0.0,14.244193950456296,3.105854038146293,3.105854038146293,0.079687009938588,0.0,inside,inside_initial,True,0,79,100,100,0
TS,position,22,TSAL20250807_0830_staticAndStaticFree001,20250807,TSAL20250828_0830_interferenceAndInterferenceFree001,20250828,trim_r2_to_r1,TSAL20250807_0830_staticAndStaticFree001,TSAL20250828_0830_interferenceAndInterferenceFree001,3.21370914420877,3.5534028120492387,2.0,0.0,10.320514768307248,3.26942463462021,3.26942463462021,0.01567947495918964,0.0,inside,inside_initial,True,0,96,90,90,0
TS,position,22,TSAL20250807_0830_staticAndStaticFree001,20250807,TSAL20250828_0830_interferenceAndInterferenceFree001,20250828,trim_r1_to_r2,TSAL20250828_0830_interferenceAndInterferenceFree001,TSAL20250807_0830_staticAndStaticFree001,3.26942463462021,3.5366641470935463,2.0,0.0,10.342752928807302,3.21370914420877,3.21370914420877,-0.01575368428953805,0.0,inside,inside_initial,True,0,90,96,96,0
TS,position,23,TSAL20250807_0830_staticAndStaticFree001,20250807,TSAL20250829_0830_interferenceAndInterferenceFree001,20250829,trim_r2_to_r1,TSAL20250807_0830_staticAndStaticFree001,TSAL20250829_0830_interferenceAndInterferenceFree001,3.21370914420877,3.5534028120492387,2.0,0.0,10.320514768307248,1.7066157425394444,1.7066157425394444,-0.42412681066129637,0.0,inside,inside_initial,True,0,96,95,95,0
TS,position,23,TSAL20250807_0830_staticAndStaticFree001,20250807,TSAL20250829_0830_interferenceAndInterferenceFree001,20250829,trim_r1_to_r2,TSAL20250829_0830_interferenceAndInterferenceFree001,TSAL20250807_0830_staticAndStaticFree001,1.7066157425394444,2.2314050140595474,2.0,0.0,6.169425770658539,3.21370914420877,3.21370914420877,0.6754011002814334,0.0,inside,inside_initial,True,0,95,96,96,0
TS,position,24,TSAL20250807_0830_staticAndStaticFree001,20250807,TSAL20250830_0830_interferenceAndInterferenceFree001,20250830,trim_r2_to_r1,TSAL20250807_0830_staticAndStaticFree001,TSAL20250830_0830_interferenceAndInterferenceFree001,3.21370914420877,3.5534028120492387,2.0,0.0,10.320514768307248,2.6436476124827175,2.6436476124827175,-0.1604269377490866,0.0,inside,inside_initial,True,0,96,79,79,0
TS,position,24,TSAL20250807_0830_staticAndStaticFree001,20250807,TSAL20250830_0830_interferenceAndInterferenceFree001,20250830,trim_r1_to_r2,TSAL20250830_0830_interferenceAndInterferenceFree001,TSAL20250807_0830_staticAndStaticFree001,2.6436476124827175,5.80027316898679,2.0,0.0,14.244193950456296,3.21370914420877,3.21370914420877,0.09828184209910801,0.0,inside,inside_initial,True,0,79,96,96,0
TS,position,25,TSAL20250808_0830_staticAndStaticFree001,20250808,TSAL20250828_0830_interferenceAndInterferenceFree001,20250828,trim_r2_to_r1,TSAL20250808_0830_staticAndStaticFree001,TSAL20250828_0830_interferenceAndInterferenceFree001,3.0664213433139387,2.5712729979348308,2.0,0.0,8.2089673391836,3.26942463462021,3.26942463462021,0.07895050096559857,0.0,inside,inside_initial,True,0,62,90,90,0
TS,position,25,TSAL20250808_0830_staticAndStaticFree001,20250808,TSAL20250828_0830_interferenceAndInterferenceFree001,20250828,trim_r1_to_r2,TSAL20250828_0830_interferenceAndInterferenceFree001,TSAL20250808_0830_staticAndStaticFree001,3.26942463462021,3.5366641470935463,2.0,0.0,10.342752928807302,3.0664213433139387,3.0664213433139387,-0.05739965200628417,0.0,inside,inside_initial,True,0,90,62,62,0
TS,position,26,TSAL20250808_0830_staticAndStaticFree001,20250808,TSAL20250829_0830_interferenceAndInterferenceFree001,20250829,trim_r2_to_r1,TSAL20250808_0830_staticAndStaticFree001,TSAL20250829_0830_interferenceAndInterferenceFree001,3.0664213433139387,2.5712729979348308,2.0,0.0,8.2089673391836,1.7066157425394444,1.7066157425394444,-0.5288452847545357,0.0,inside,inside_initial,True,0,62,95,95,0
TS,position,26,TSAL20250808_0830_staticAndStaticFree001,20250808,TSAL20250829_0830_interferenceAndInterferenceFree001,20250829,trim_r1_to_r2,TSAL20250829_0830_interferenceAndInterferenceFree001,TSAL20250808_0830_staticAndStaticFree001,1.7066157425394444,2.2314050140595474,2.0,0.0,6.169425770658539,3.0664213433139387,3.0664213433139387,0.6093943467038416,0.0,inside,inside_initial,True,0,95,62,62,0
TS,position,27,TSAL20250808_0830_staticAndStaticFree001,20250808,TSAL20250830_0830_interferenceAndInterferenceFree001,20250830,trim_r2_to_r1,TSAL20250808_0830_staticAndStaticFree001,TSAL20250830_0830_interferenceAndInterferenceFree001,3.0664213433139387,2.5712729979348308,2.0,0.0,8.2089673391836,2.6436476124827175,2.6436476124827175,-0.1644219540946373,0.0,inside,inside_initial,True,0,62,79,79,0
TS,position,27,TSAL20250808_0830_staticAndStaticFree001,20250808,TSAL20250830_0830_interferenceAndInterferenceFree001,20250830,trim_r1_to_r2,TSAL20250830_0830_interferenceAndInterferenceFree001,TSAL20250808_0830_staticAndStaticFree001,2.6436476124827175,5.80027316898679,2.0,0.0,14.244193950456296,3.0664213433139387,3.0664213433139387,0.07288858964293791,0.0,inside,inside_initial,True,0,79,62,62,0
TS,position,28,TSAL20250809_0830_staticAndStaticFree001,20250809,TSAL20250828_0830_interferenceAndInterferenceFree001,20250828,trim_r2_to_r1,TSAL20250809_0830_staticAndStaticFree001,TSAL20250828_0830_interferenceAndInterferenceFree001,3.09551816819512,3.219852995427534,2.0,0.0,9.535224159050188,3.26942463462021,3.26942463462021,0.054010685168562736,0.0,inside,inside_initial,True,0,61,90,90,0
TS,position,28,TSAL20250809_0830_staticAndStaticFree001,20250809,TSAL20250828_0830_interferenceAndInterferenceFree001,20250828,trim_r1_to_r2,TSAL20250828_0830_interferenceAndInterferenceFree001,TSAL20250809_0830_staticAndStaticFree001,3.26942463462021,3.5366641470935463,2.0,0.0,10.342752928807302,3.09551816819512,3.09551816819512,-0.04917245720603911,0.0,inside,inside_initial,True,0,90,61,61,0
TS,position,29,TSAL20250809_0830_staticAndStaticFree001,20250809,TSAL20250829_0830_interferenceAndInterferenceFree001,20250829,trim_r2_to_r1,TSAL20250809_0830_staticAndStaticFree001,TSAL20250829_0830_interferenceAndInterferenceFree001,3.09551816819512,3.219852995427534,2.0,0.0,9.535224159050188,1.7066157425394444,1.7066157425394444,-0.4313558499807399,0.0,inside,inside_initial,True,0,61,95,95,0
TS,position,29,TSAL20250809_0830_staticAndStaticFree001,20250809,TSAL20250829_0830_interferenceAndInterferenceFree001,20250829,trim_r1_to_r2,TSAL20250829_0830_interferenceAndInterferenceFree001,TSAL20250809_0830_staticAndStaticFree001,1.7066157425394444,2.2314050140595474,2.0,0.0,6.169425770658539,3.09551816819512,3.09551816819512,0.6224340345676982,0.0,inside,inside_initial,True,0,95,61,61,0
TS,position,30,TSAL20250809_0830_staticAndStaticFree001,20250809,TSAL20250830_0830_interferenceAndInterferenceFree001,20250830,trim_r2_to_r1,TSAL20250809_0830_staticAndStaticFree001,TSAL20250830_0830_interferenceAndInterferenceFree001,3.09551816819512,3.219852995427534,2.0,0.0,9.535224159050188,2.6436476124827175,2.6436476124827175,-0.1403388776922726,0.0,inside,inside_initial,True,0,61,79,79,0
TS,position,30,TSAL20250809_0830_staticAndStaticFree001,20250809,TSAL20250830_0830_interferenceAndInterferenceFree001,20250830,trim_r1_to_r2,TSAL20250830_0830_interferenceAndInterferenceFree001,TSAL20250809_0830_staticAndStaticFree001,2.6436476124827175,5.80027316898679,2.0,0.0,14.244193950456296,3.09551816819512,3.09551816819512,0.07790504732233784,0.0,inside,inside_initial,True,0,79,61,61,0
TS,position,31,TSAL20250810_0830_staticAndStaticFree001,20250810,TSAL20250828_0830_interferenceAndInterferenceFree001,20250828,trim_r2_to_r1,TSAL20250810_0830_staticAndStaticFree001,TSAL20250828_0830_interferenceAndInterferenceFree001,2.5929117192429443,2.5774103981596643,2.0,0.0,7.747732515562273,3.26942463462021,3.26942463462021,0.2624777628973302,0.0,inside,inside_initial,True,0,83,90,90,0
TS,position,31,TSAL20250810_0830_staticAndStaticFree001,20250810,TSAL20250828_0830_interferenceAndInterferenceFree001,20250828,trim_r1_to_r2,TSAL20250828_0830_interferenceAndInterferenceFree001,TSAL20250810_0830_staticAndStaticFree001,3.26942463462021,3.5366641470935463,2.0,0.0,10.342752928807302,2.5929117192429443,2.5929117192429443,-0.19128559773854367,0.0,inside,inside_initial,True,0,90,83,83,0
TS,position,32,TSAL20250810_0830_staticAndStaticFree001,20250810,TSAL20250829_0830_interferenceAndInterferenceFree001,20250829,trim_r2_to_r1,TSAL20250810_0830_staticAndStaticFree001,TSAL20250829_0830_interferenceAndInterferenceFree001,2.5929117192429443,2.5774103981596643,2.0,0.0,7.747732515562273,1.7066157425394444,1.7066157425394444,-0.34387072285280507,0.0,inside,inside_initial,True,0,83,95,95,0
TS,position,32,TSAL20250810_0830_staticAndStaticFree001,20250810,TSAL20250829_0830_interferenceAndInterferenceFree001,20250829,trim_r1_to_r2,TSAL20250829_0830_interferenceAndInterferenceFree001,TSAL20250810_0830_staticAndStaticFree001,1.7066157425394444,2.2314050140595474,2.0,0.0,6.169425770658539,2.5929117192429443,2.5929117192429443,0.39719189081281153,0.0,inside,inside_initial,True,0,95,83,83,0
TS,position,33,TSAL20250810_0830_staticAndStaticFree001,20250810,TSAL20250830_0830_interferenceAndInterferenceFree001,20250830,trim_r2_to_r1,TSAL20250810_0830_staticAndStaticFree001,TSAL20250830_0830_interferenceAndInterferenceFree001,2.5929117192429443,2.5774103981596643,2.0,0.0,7.747732515562273,2.6436476124827175,2.6436476124827175,0.019684832992060534,0.0,inside,inside_initial,True,0,83,79,79,0
TS,position,33,TSAL20250810_0830_staticAndStaticFree001,20250810,TSAL20250830_0830_interferenceAndInterferenceFree001,20250830,trim_r1_to_r2,TSAL20250830_0830_interferenceAndInterferenceFree001,TSAL20250810_0830_staticAndStaticFree001,2.6436476124827175,5.80027316898679,2.0,0.0,14.244193950456296,2.5929117192429443,2.5929117192429443,-0.008747155825530876,0.0,inside,inside_initial,True,0,79,83,83,0
TS,position,34,TSAL20250811_0830_staticAndStaticFree001,20250811,TSAL20250828_0830_interferenceAndInterferenceFree001,20250828,trim_r2_to_r1,TSAL20250811_0830_staticAndStaticFree001,TSAL20250828_0830_interferenceAndInterferenceFree001,2.0624760614290167,2.2910511395660773,2.0,0.0,6.644578340561171,3.26942463462021,3.26942463462021,0.5268099661100486,0.0,inside,inside_initial,True,0,86,90,90,0
TS,position,34,TSAL20250811_0830_staticAndStaticFree001,20250811,TSAL20250828_0830_interferenceAndInterferenceFree001,20250828,trim_r1_to_r2,TSAL20250828_0830_interferenceAndInterferenceFree001,TSAL20250811_0830_staticAndStaticFree001,3.26942463462021,3.5366641470935463,2.0,0.0,10.342752928807302,2.0624760614290167,2.0624760614290167,-0.3412675116982967,0.0,inside,inside_initial,True,0,90,86,86,0
TS,position,35,TSAL20250811_0830_staticAndStaticFree001,20250811,TSAL20250829_0830_interferenceAndInterferenceFree001,20250829,trim_r2_to_r1,TSAL20250811_0830_staticAndStaticFree001,TSAL20250829_0830_interferenceAndInterferenceFree001,2.0624760614290167,2.2910511395660773,2.0,0.0,6.644578340561171,1.7066157425394444,1.7066157425394444,-0.15532622242425018,0.0,inside,inside_initial,True,0,86,95,95,0
TS,position,35,TSAL20250811_0830_staticAndStaticFree001,20250811,TSAL20250829_0830_interferenceAndInterferenceFree001,20250829,trim_r1_to_r2,TSAL20250829_0830_interferenceAndInterferenceFree001,TSAL20250811_0830_staticAndStaticFree001,1.7066157425394444,2.2314050140595474,2.0,0.0,6.169425770658539,2.0624760614290167,2.0624760614290167,0.15947813895163895,0.0,inside,inside_initial,True,0,95,86,86,0
TS,position,36,TSAL20250811_0830_staticAndStaticFree001,20250811,TSAL20250830_0830_interferenceAndInterferenceFree001,20250830,trim_r2_to_r1,TSAL20250811_0830_staticAndStaticFree001,TSAL20250830_0830_interferenceAndInterferenceFree001,2.0624760614290167,2.2910511395660773,2.0,0.0,6.644578340561171,2.6436476124827175,2.6436476124827175,0.2536702655898698,0.0,inside,inside_initial,True,0,86,79,79,0
TS,position,36,TSAL20250811_0830_staticAndStaticFree001,20250811,TSAL20250830_0830_interferenceAndInterferenceFree001,20250830,trim_r1_to_r2,TSAL20250830_0830_interferenceAndInterferenceFree001,TSAL20250811_0830_staticAndStaticFree001,2.6436476124827175,5.80027316898679,2.0,0.0,14.244193950456296,2.0624760614290167,2.0624760614290167,-0.10019727245970757,0.0,inside,inside_initial,True,0,79,86,86,0
TS,position,37,TSAL20250812_0830_staticAndStaticFree001,20250812,TSAL20250828_0830_interferenceAndInterferenceFree001,20250828,trim_r2_to_r1,TSAL20250812_0830_staticAndStaticFree001,TSAL20250828_0830_interferenceAndInterferenceFree001,1.7866628573470293,1.6561844480185632,2.0,0.0,5.099031753384156,3.26942463462021,3.26942463462021,0.8952878280237065,0.0,inside,inside_initial,True,0,76,90,90,0
TS,position,37,TSAL20250812_0830_staticAndStaticFree001,20250812,TSAL20250828_0830_interferenceAndInterferenceFree001,20250828,trim_r1_to_r2,TSAL20250828_0830_interferenceAndInterferenceFree001,TSAL20250812_0830_staticAndStaticFree001,3.26942463462021,3.5366641470935463,2.0,0.0,10.342752928807302,1.7866628573470293,1.7866628573470293,-0.4192543356121966,0.0,inside,inside_initial,True,0,90,76,76,0
TS,position,38,TSAL20250812_0830_staticAndStaticFree001,20250812,TSAL20250829_0830_interferenceAndInterferenceFree001,20250829,trim_r2_to_r1,TSAL20250812_0830_staticAndStaticFree001,TSAL20250829_0830_interferenceAndInterferenceFree001,1.7866628573470293,1.6561844480185632,2.0,0.0,5.099031753384156,1.7066157425394444,1.7066157425394444,-0.04833224638919431,0.0,inside,inside_initial,True,0,76,95,95,0
TS,position,38,TSAL20250812_0830_staticAndStaticFree001,20250812,TSAL20250829_0830_interferenceAndInterferenceFree001,20250829,trim_r1_to_r2,TSAL20250829_0830_interferenceAndInterferenceFree001,TSAL20250812_0830_staticAndStaticFree001,1.7066157425394444,2.2314050140595474,2.0,0.0,6.169425770658539,1.7866628573470293,1.7866628573470293,0.03587296537528029,0.0,inside,inside_initial,True,0,95,76,76,0
TS,position,39,TSAL20250812_0830_staticAndStaticFree001,20250812,TSAL20250830_0830_interferenceAndInterferenceFree001,20250830,trim_r2_to_r1,TSAL20250812_0830_staticAndStaticFree001,TSAL20250830_0830_interferenceAndInterferenceFree001,1.7866628573470293,1.6561844480185632,2.0,0.0,5.099031753384156,2.6436476124827175,2.6436476124827175,0.5174452375524798,0.0,inside,inside_initial,True,0,76,79,79,0
TS,position,39,TSAL20250812_0830_staticAndStaticFree001,20250812,TSAL20250830_0830_interferenceAndInterferenceFree001,20250830,trim_r1_to_r2,TSAL20250830_0830_interferenceAndInterferenceFree001,TSAL20250812_0830_staticAndStaticFree001,2.6436476124827175,5.80027316898679,2.0,0.0,14.244193950456296,1.7866628573470293,1.7866628573470293,-0.14774903356584307,0.0,inside,inside_initial,True,0,79,76,76,0
TS,position,40,TSAL20250813_0830_staticAndStaticFree001,20250813,TSAL20250828_0830_interferenceAndInterferenceFree001,20250828,trim_r2_to_r1,TSAL20250813_0830_staticAndStaticFree001,TSAL20250828_0830_interferenceAndInterferenceFree001,1.5388619372861965,1.4411597411646346,2.0,0.0,4.421181419615466,3.26942463462021,3.26942463462021,1.200812545551339,0.0,inside,inside_initial,True,0,58,90,90,0
TS,position,40,TSAL20250813_0830_staticAndStaticFree001,20250813,TSAL20250828_0830_interferenceAndInterferenceFree001,20250828,trim_r1_to_r2,TSAL20250828_0830_interferenceAndInterferenceFree001,TSAL20250813_0830_staticAndStaticFree001,3.26942463462021,3.5366641470935463,2.0,0.0,10.342752928807302,1.5388619372861965,1.5388619372861965,-0.48932062117241226,0.0,inside,inside_initial,True,0,90,58,58,0
TS,position,41,TSAL20250813_0830_staticAndStaticFree001,20250813,TSAL20250829_0830_interferenceAndInterferenceFree001,20250829,trim_r2_to_r1,TSAL20250813_0830_staticAndStaticFree001,TSAL20250829_0830_interferenceAndInterferenceFree001,1.5388619372861965,1.4411597411646346,2.0,0.0,4.421181419615466,1.7066157425394444,1.7066157425394444,0.11640195077728313,0.0,inside,inside_initial,True,0,58,95,95,0
TS,position,41,TSAL20250813_0830_staticAndStaticFree001,20250813,TSAL20250829_0830_interferenceAndInterferenceFree001,20250829,trim_r1_to_r2,TSAL20250829_0830_interferenceAndInterferenceFree001,TSAL20250813_0830_staticAndStaticFree001,1.7066157425394444,2.2314050140595474,2.0,0.0,6.169425770658539,1.5388619372861965,1.5388619372861965,-0.07517855530317062,0.0,inside,inside_initial,True,0,95,58,58,0
TS,position,42,TSAL20250813_0830_staticAndStaticFree001,20250813,TSAL20250830_0830_interferenceAndInterferenceFree001,20250830,trim_r2_to_r1,TSAL20250813_0830_staticAndStaticFree001,TSAL20250830_0830_interferenceAndInterferenceFree001,1.5388619372861965,1.4411597411646346,2.0,0.0,4.421181419615466,2.6436476124827175,2.6436476124827175,0.7665948774725819,0.0,inside,inside_initial,True,0,58,79,79,0
TS,position,42,TSAL20250813_0830_staticAndStaticFree001,20250813,TSAL20250830_0830_interferenceAndInterferenceFree001,20250830,trim_r1_to_r2,TSAL20250830_0830_interferenceAndInterferenceFree001,TSAL20250813_0830_staticAndStaticFree001,2.6436476124827175,5.80027316898679,2.0,0.0,14.244193950456296,1.5388619372861965,1.5388619372861965,-0.1904713179895816,0.0,inside,inside_initial,True,0,79,58,58,0
