animal,pair_id,r1_session,r1_date,r2_session,r2_date,match_direction,anchor_session,trimmed_session,anchor_pair_mean,anchor_pair_sd,anchor_band_sd_multiplier,anchor_band_lower,anchor_band_upper,trimmed_start_pair_mean,selected_pair_mean,selected_anchor_z,distance_to_anchor_band,deletion_direction,status,within_anchor_band,selected_step,n_anchor_full,n_trimmed_start,n_trimmed_remaining,n_trimmed_removed
TS,1,TSAL20250731_0830_staticAndStaticFree,20250731,TSAL20250828_0830_interferenceAndInterferenceFree001,20250828,trim_r2_to_r1,TSAL20250731_0830_staticAndStaticFree,TSAL20250828_0830_interferenceAndInterferenceFree001,0.5759955122674215,0.17459845515735192,1.0,0.40139705711006957,0.7505939674247735,0.8688595485308579,0.7485182054458804,0.9881112236816627,0.0,down,entered_band,True,36,43,90,54,36
TS,1,TSAL20250731_0830_staticAndStaticFree,20250731,TSAL20250828_0830_interferenceAndInterferenceFree001,20250828,trim_r1_to_r2,TSAL20250828_0830_interferenceAndInterferenceFree001,TSAL20250731_0830_staticAndStaticFree,0.8688595485308579,0.22921519856427341,1.0,0.6396443499665845,1.0980747470951313,0.5759955122674215,0.6430073912842404,-0.9853280177810158,0.0,up,entered_band,True,14,90,43,29,14
TS,2,TSAL20250731_0830_staticAndStaticFree,20250731,TSAL20250829_0830_interferenceAndInterferenceFree001,20250829,trim_r2_to_r1,TSAL20250731_0830_staticAndStaticFree,TSAL20250829_0830_interferenceAndInterferenceFree001,0.5759955122674215,0.17459845515735192,1.0,0.40139705711006957,0.7505939674247735,0.8623892010399029,0.7503054629337076,0.998347611433298,0.0,down,entered_band,True,28,43,95,67,28
TS,2,TSAL20250731_0830_staticAndStaticFree,20250731,TSAL20250829_0830_interferenceAndInterferenceFree001,20250829,trim_r1_to_r2,TSAL20250829_0830_interferenceAndInterferenceFree001,TSAL20250731_0830_staticAndStaticFree,0.8623892010399029,0.27237421899707176,1.0,0.5900149820428311,1.1347634200369747,0.5759955122674215,0.5906564465520266,-0.9976449147369473,0.0,up,entered_band,True,3,95,43,40,3
TS,3,TSAL20250731_0830_staticAndStaticFree,20250731,TSAL20250830_0830_interferenceAndInterferenceFree001,20250830,trim_r2_to_r1,TSAL20250731_0830_staticAndStaticFree,TSAL20250830_0830_interferenceAndInterferenceFree001,0.5759955122674215,0.17459845515735192,1.0,0.40139705711006957,0.7505939674247735,0.7607158166146287,0.7460769185030802,0.9741289296195528,0.0,down,entered_band,True,2,43,79,77,2
TS,3,TSAL20250731_0830_staticAndStaticFree,20250731,TSAL20250830_0830_interferenceAndInterferenceFree001,20250830,trim_r1_to_r2,TSAL20250830_0830_interferenceAndInterferenceFree001,TSAL20250731_0830_staticAndStaticFree,0.7607158166146287,0.19281336336962115,1.0,0.5679024532450075,0.9535291799842499,0.5759955122674215,0.5759955122674215,-0.9580264620616589,0.0,inside,inside_initial,True,0,79,43,43,0
TS,4,TSAL20250801_0830_staticAndStaticFree,20250801,TSAL20250828_0830_interferenceAndInterferenceFree001,20250828,trim_r2_to_r1,TSAL20250801_0830_staticAndStaticFree,TSAL20250828_0830_interferenceAndInterferenceFree001,0.4763180550971735,0.10206496893903355,1.0,0.37425308615813996,0.5783830240362071,0.8688595485308579,0.5757818531519279,0.9745145576262023,0.0,down,entered_band,True,65,91,90,25,65
TS,4,TSAL20250801_0830_staticAndStaticFree,20250801,TSAL20250828_0830_interferenceAndInterferenceFree001,20250828,trim_r1_to_r2,TSAL20250828_0830_interferenceAndInterferenceFree001,TSAL20250801_0830_staticAndStaticFree,0.8688595485308579,0.22921519856427341,1.0,0.6396443499665845,1.0980747470951313,0.4763180550971735,0.6435925862878025,-0.9827749802545886,0.0,up,entered_band,True,69,90,91,22,69
TS,5,TSAL20250801_0830_staticAndStaticFree,20250801,TSAL20250829_0830_interferenceAndInterferenceFree001,20250829,trim_r2_to_r1,TSAL20250801_0830_staticAndStaticFree,TSAL20250829_0830_interferenceAndInterferenceFree001,0.4763180550971735,0.10206496893903355,1.0,0.37425308615813996,0.5783830240362071,0.8623892010399029,0.5754127494349223,0.9708981971761631,0.0,down,entered_band,True,63,91,95,32,63
TS,5,TSAL20250801_0830_staticAndStaticFree,20250801,TSAL20250829_0830_interferenceAndInterferenceFree001,20250829,trim_r1_to_r2,TSAL20250829_0830_interferenceAndInterferenceFree001,TSAL20250801_0830_staticAndStaticFree,0.8623892010399029,0.27237421899707176,1.0,0.5900149820428311,1.1347634200369747,0.4763180550971735,0.592010223431343,-0.9926746319976293,0.0,up,entered_band,True,55,95,91,36,55
TS,6,TSAL20250801_0830_staticAndStaticFree,20250801,TSAL20250830_0830_interferenceAndInterferenceFree001,20250830,trim_r2_to_r1,TSAL20250801_0830_staticAndStaticFree,TSAL20250830_0830_interferenceAndInterferenceFree001,0.4763180550971735,0.10206496893903355,1.0,0.37425308615813996,0.5783830240362071,0.7607158166146287,0.5771366874363097,0.9877887916603219,0.0,down,entered_band,True,44,91,79,35,44
TS,6,TSAL20250801_0830_staticAndStaticFree,20250801,TSAL20250830_0830_interferenceAndInterferenceFree001,20250830,trim_r1_to_r2,TSAL20250830_0830_interferenceAndInterferenceFree001,TSAL20250801_0830_staticAndStaticFree,0.7607158166146287,0.19281336336962115,1.0,0.5679024532450075,0.9535291799842499,0.4763180550971735,0.5691438739391887,-0.9935615422474562,0.0,up,entered_band,True,47,79,91,44,47
TS,7,TSAL20250802_0830_staticAndStaticFree001,20250802,TSAL20250828_0830_interferenceAndInterferenceFree001,20250828,trim_r2_to_r1,TSAL20250802_0830_staticAndStaticFree001,TSAL20250828_0830_interferenceAndInterferenceFree001,0.6077533228298377,0.12174086394873702,1.0,0.48601245888110073,0.7294941867785748,0.8688595485308579,0.7273187204093728,0.9821303521378165,0.0,down,entered_band,True,41,75,90,49,41
TS,7,TSAL20250802_0830_staticAndStaticFree001,20250802,TSAL20250828_0830_interferenceAndInterferenceFree001,20250828,trim_r1_to_r2,TSAL20250828_0830_interferenceAndInterferenceFree001,TSAL20250802_0830_staticAndStaticFree001,0.8688595485308579,0.22921519856427341,1.0,0.6396443499665845,1.0980747470951313,0.6077533228298377,0.6401194624658479,-0.9979272207853607,0.0,up,entered_band,True,15,90,75,60,15
TS,8,TSAL20250802_0830_staticAndStaticFree001,20250802,TSAL20250829_0830_interferenceAndInterferenceFree001,20250829,trim_r2_to_r1,TSAL20250802_0830_staticAndStaticFree001,TSAL20250829_0830_interferenceAndInterferenceFree001,0.6077533228298377,0.12174086394873702,1.0,0.48601245888110073,0.7294941867785748,0.8623892010399029,0.726947882782056,0.979084229288935,0.0,down,entered_band,True,34,75,95,61,34
TS,8,TSAL20250802_0830_staticAndStaticFree001,20250802,TSAL20250829_0830_interferenceAndInterferenceFree001,20250829,trim_r1_to_r2,TSAL20250829_0830_interferenceAndInterferenceFree001,TSAL20250802_0830_staticAndStaticFree001,0.8623892010399029,0.27237421899707176,1.0,0.5900149820428311,1.1347634200369747,0.6077533228298377,0.6077533228298377,-0.9348751109693048,0.0,inside,inside_initial,True,0,95,75,75,0
TS,9,TSAL20250802_0830_staticAndStaticFree001,20250802,TSAL20250830_0830_interferenceAndInterferenceFree001,20250830,trim_r2_to_r1,TSAL20250802_0830_staticAndStaticFree001,TSAL20250830_0830_interferenceAndInterferenceFree001,0.6077533228298377,0.12174086394873702,1.0,0.48601245888110073,0.7294941867785748,0.7607158166146287,0.72523164525366,0.9649867646190713,0.0,down,entered_band,True,6,75,79,73,6
TS,9,TSAL20250802_0830_staticAndStaticFree001,20250802,TSAL20250830_0830_interferenceAndInterferenceFree001,20250830,trim_r1_to_r2,TSAL20250830_0830_interferenceAndInterferenceFree001,TSAL20250802_0830_staticAndStaticFree001,0.7607158166146287,0.19281336336962115,1.0,0.5679024532450075,0.9535291799842499,0.6077533228298377,0.6077533228298377,-0.793318943830483,0.0,inside,inside_initial,True,0,79,75,75,0
TS,10,TSAL20250803_1400_staticAndStaticFree001,20250803,TSAL20250828_0830_interferenceAndInterferenceFree001,20250828,trim_r2_to_r1,TSAL20250803_1400_staticAndStaticFree001,TSAL20250828_0830_interferenceAndInterferenceFree001,0.5198903125972558,0.11036569159249122,1.0,0.4095246210047646,0.630256004189747,0.8688595485308579,0.6275878563774792,0.9758244815597258,0.0,down,entered_band,True,58,75,90,32,58
TS,10,TSAL20250803_1400_staticAndStaticFree001,20250803,TSAL20250828_0830_interferenceAndInterferenceFree001,20250828,trim_r1_to_r2,TSAL20250828_0830_interferenceAndInterferenceFree001,TSAL20250803_1400_staticAndStaticFree001,0.8688595485308579,0.22921519856427341,1.0,0.6396443499665845,1.0980747470951313,0.5198903125972558,0.6423997942272334,-0.9879787890248637,0.0,up,entered_band,True,49,90,75,26,49
TS,11,TSAL20250803_1400_staticAndStaticFree001,20250803,TSAL20250829_0830_interferenceAndInterferenceFree001,20250829,trim_r2_to_r1,TSAL20250803_1400_staticAndStaticFree001,TSAL20250829_0830_interferenceAndInterferenceFree001,0.5198903125972558,0.11036569159249122,1.0,0.4095246210047646,0.630256004189747,0.8623892010399029,0.6288024117800991,0.9868293091025505,0.0,down,entered_band,True,52,75,95,43,52
TS,11,TSAL20250803_1400_staticAndStaticFree001,20250803,TSAL20250829_0830_interferenceAndInterferenceFree001,20250829,trim_r1_to_r2,TSAL20250829_0830_interferenceAndInterferenceFree001,TSAL20250803_1400_staticAndStaticFree001,0.8623892010399029,0.27237421899707176,1.0,0.5900149820428311,1.1347634200369747,0.5198903125972558,0.5916741700460931,-0.9939084249259295,0.0,up,entered_band,True,32,95,75,43,32
TS,12,TSAL20250803_1400_staticAndStaticFree001,20250803,TSAL20250830_0830_interferenceAndInterferenceFree001,20250830,trim_r2_to_r1,TSAL20250803_1400_staticAndStaticFree001,TSAL20250830_0830_interferenceAndInterferenceFree001,0.5198903125972558,0.11036569159249122,1.0,0.4095246210047646,0.630256004189747,0.7607158166146287,0.6288401796291824,0.9871715155304568,0.0,down,entered_band,True,27,75,79,52,27
TS,12,TSAL20250803_1400_staticAndStaticFree001,20250803,TSAL20250830_0830_interferenceAndInterferenceFree001,20250830,trim_r1_to_r2,TSAL20250830_0830_interferenceAndInterferenceFree001,TSAL20250803_1400_staticAndStaticFree001,0.7607158166146287,0.19281336336962115,1.0,0.5679024532450075,0.9535291799842499,0.5198903125972558,0.5689553328934115,-0.9945393844596468,0.0,up,entered_band,True,23,79,75,52,23
TS,13,TSAL20250804_0830_staticAndStaticFree001,20250804,TSAL20250828_0830_interferenceAndInterferenceFree001,20250828,trim_r2_to_r1,TSAL20250804_0830_staticAndStaticFree001,TSAL20250828_0830_interferenceAndInterferenceFree001,0.5705521891726922,0.11910694508583083,1.0,0.4514452440868614,0.6896591342585231,0.8688595485308579,0.6850235372621192,0.9610803803836678,0.0,down,entered_band,True,49,70,90,41,49
TS,13,TSAL20250804_0830_staticAndStaticFree001,20250804,TSAL20250828_0830_interferenceAndInterferenceFree001,20250828,trim_r1_to_r2,TSAL20250828_0830_interferenceAndInterferenceFree001,TSAL20250804_0830_staticAndStaticFree001,0.8688595485308579,0.22921519856427341,1.0,0.6396443499665845,1.0980747470951313,0.5705521891726922,0.6424707885751187,-0.9876690610996212,0.0,up,entered_band,True,28,90,70,42,28
TS,14,TSAL20250804_0830_staticAndStaticFree001,20250804,TSAL20250829_0830_interferenceAndInterferenceFree001,20250829,trim_r2_to_r1,TSAL20250804_0830_staticAndStaticFree001,TSAL20250829_0830_interferenceAndInterferenceFree001,0.5705521891726922,0.11910694508583083,1.0,0.4514452440868614,0.6896591342585231,0.8623892010399029,0.6883203731448867,0.9887600079687071,0.0,down,entered_band,True,42,70,95,53,42
TS,14,TSAL20250804_0830_staticAndStaticFree001,20250804,TSAL20250829_0830_interferenceAndInterferenceFree001,20250829,trim_r1_to_r2,TSAL20250829_0830_interferenceAndInterferenceFree001,TSAL20250804_0830_staticAndStaticFree001,0.8623892010399029,0.27237421899707176,1.0,0.5900149820428311,1.1347634200369747,0.5705521891726922,0.5908659932193189,-0.9968755810310488,0.0,up,entered_band,True,8,95,70,62,8
TS,15,TSAL20250804_0830_staticAndStaticFree001,20250804,TSAL20250830_0830_interferenceAndInterferenceFree001,20250830,trim_r2_to_r1,TSAL20250804_0830_staticAndStaticFree001,TSAL20250830_0830_interferenceAndInterferenceFree001,0.5705521891726922,0.11910694508583083,1.0,0.4514452440868614,0.6896591342585231,0.7607158166146287,0.6871077489055665,0.9785790379300047,0.0,down,entered_band,True,14,70,79,65,14
TS,15,TSAL20250804_0830_staticAndStaticFree001,20250804,TSAL20250830_0830_interferenceAndInterferenceFree001,20250830,trim_r1_to_r2,TSAL20250830_0830_interferenceAndInterferenceFree001,TSAL20250804_0830_staticAndStaticFree001,0.7607158166146287,0.19281336336962115,1.0,0.5679024532450075,0.9535291799842499,0.5705521891726922,0.5705521891726922,-0.9862575089123613,0.0,inside,inside_initial,True,0,79,70,70,0
TS,16,TSAL20250805_0830_staticAndStaticFree001,20250805,TSAL20250828_0830_interferenceAndInterferenceFree001,20250828,trim_r2_to_r1,TSAL20250805_0830_staticAndStaticFree001,TSAL20250828_0830_interferenceAndInterferenceFree001,0.6305229829874469,0.17298328895144818,1.0,0.4575396940359987,0.8035062719388951,0.8688595485308579,0.8021921714254303,0.9924033094674618,0.0,down,entered_band,True,20,78,90,70,20
TS,16,TSAL20250805_0830_staticAndStaticFree001,20250805,TSAL20250828_0830_interferenceAndInterferenceFree001,20250828,trim_r1_to_r2,TSAL20250828_0830_interferenceAndInterferenceFree001,TSAL20250805_0830_staticAndStaticFree001,0.8688595485308579,0.22921519856427341,1.0,0.6396443499665845,1.0980747470951313,0.6305229829874469,0.6404068684317205,-0.9966733512004783,0.0,up,entered_band,True,3,90,78,75,3
TS,17,TSAL20250805_0830_staticAndStaticFree001,20250805,TSAL20250829_0830_interferenceAndInterferenceFree001,20250829,trim_r2_to_r1,TSAL20250805_0830_staticAndStaticFree001,TSAL20250829_0830_interferenceAndInterferenceFree001,0.6305229829874469,0.17298328895144818,1.0,0.4575396940359987,0.8035062719388951,0.8623892010399029,0.8015695640713117,0.9888040753570888,0.0,down,entered_band,True,11,78,95,84,11
TS,17,TSAL20250805_0830_staticAndStaticFree001,20250805,TSAL20250829_0830_interferenceAndInterferenceFree001,20250829,trim_r1_to_r2,TSAL20250829_0830_interferenceAndInterferenceFree001,TSAL20250805_0830_staticAndStaticFree001,0.8623892010399029,0.27237421899707176,1.0,0.5900149820428311,1.1347634200369747,0.6305229829874469,0.6305229829874469,-0.8512781382402008,0.0,inside,inside_initial,True,0,95,78,78,0
TS,18,TSAL20250805_0830_staticAndStaticFree001,20250805,TSAL20250830_0830_interferenceAndInterferenceFree001,20250830,trim_r2_to_r1,TSAL20250805_0830_staticAndStaticFree001,TSAL20250830_0830_interferenceAndInterferenceFree001,0.6305229829874469,0.17298328895144818,1.0,0.4575396940359987,0.8035062719388951,0.7607158166146287,0.7607158166146287,0.7526324329728954,0.0,inside,inside_initial,True,0,78,79,79,0
TS,18,TSAL20250805_0830_staticAndStaticFree001,20250805,TSAL20250830_0830_interferenceAndInterferenceFree001,20250830,trim_r1_to_r2,TSAL20250830_0830_interferenceAndInterferenceFree001,TSAL20250805_0830_staticAndStaticFree001,0.7607158166146287,0.19281336336962115,1.0,0.5679024532450075,0.9535291799842499,0.6305229829874469,0.6305229829874469,-0.6752272319299962,0.0,inside,inside_initial,True,0,79,78,78,0
TS,19,TSAL20250806_0830_staticAndStaticFree001,20250806,TSAL20250828_0830_interferenceAndInterferenceFree001,20250828,trim_r2_to_r1,TSAL20250806_0830_staticAndStaticFree001,TSAL20250828_0830_interferenceAndInterferenceFree001,0.583121467462783,0.13191376068648286,1.0,0.4512077067763002,0.7150352281492659,0.8688595485308579,0.7137721863030022,0.9904252457083265,0.0,down,entered_band,True,44,100,90,46,44
TS,19,TSAL20250806_0830_staticAndStaticFree001,20250806,TSAL20250828_0830_interferenceAndInterferenceFree001,20250828,trim_r1_to_r2,TSAL20250828_0830_interferenceAndInterferenceFree001,TSAL20250806_0830_staticAndStaticFree001,0.8688595485308579,0.22921519856427341,1.0,0.6396443499665845,1.0980747470951313,0.583121467462783,0.6406760252710708,-0.9954990973070355,0.0,up,entered_band,True,35,90,100,65,35
TS,20,TSAL20250806_0830_staticAndStaticFree001,20250806,TSAL20250829_0830_interferenceAndInterferenceFree001,20250829,trim_r2_to_r1,TSAL20250806_0830_staticAndStaticFree001,TSAL20250829_0830_interferenceAndInterferenceFree001,0.583121467462783,0.13191376068648286,1.0,0.4512077067763002,0.7150352281492659,0.8623892010399029,0.7133618688311901,0.9873147478370143,0.0,down,entered_band,True,37,100,95,58,37
TS,20,TSAL20250806_0830_staticAndStaticFree001,20250806,TSAL20250829_0830_interferenceAndInterferenceFree001,20250829,trim_r1_to_r2,TSAL20250829_0830_interferenceAndInterferenceFree001,TSAL20250806_0830_staticAndStaticFree001,0.8623892010399029,0.27237421899707176,1.0,0.5900149820428311,1.1347634200369747,0.583121467462783,0.5905493489390495,-0.9980381149941944,0.0,up,entered_band,True,4,95,100,96,4
TS,21,TSAL20250806_0830_staticAndStaticFree001,20250806,TSAL20250830_0830_interferenceAndInterferenceFree001,20250830,trim_r2_to_r1,TSAL20250806_0830_staticAndStaticFree001,TSAL20250830_0830_interferenceAndInterferenceFree001,0.583121467462783,0.13191376068648286,1.0,0.4512077067763002,0.7150352281492659,0.7607158166146287,0.7107760860815596,0.9677126779985531,0.0,down,entered_band,True,9,100,79,70,9
TS,21,TSAL20250806_0830_staticAndStaticFree001,20250806,TSAL20250830_0830_interferenceAndInterferenceFree001,20250830,trim_r1_to_r2,TSAL20250830_0830_interferenceAndInterferenceFree001,TSAL20250806_0830_staticAndStaticFree001,0.7607158166146287,0.19281336336962115,1.0,0.5679024532450075,0.9535291799842499,0.583121467462783,0.583121467462783,-0.9210686751591964,0.0,inside,inside_initial,True,0,79,100,100,0
TS,22,TSAL20250807_0830_staticAndStaticFree001,20250807,TSAL20250828_0830_interferenceAndInterferenceFree001,20250828,trim_r2_to_r1,TSAL20250807_0830_staticAndStaticFree001,TSAL20250828_0830_interferenceAndInterferenceFree001,0.5640571957575141,0.127232447875474,1.0,0.4368247478820401,0.6912896436329881,0.8688595485308579,0.6850235372621192,0.950750720625907,0.0,down,entered_band,True,49,96,90,41,49
TS,22,TSAL20250807_0830_staticAndStaticFree001,20250807,TSAL20250828_0830_interferenceAndInterferenceFree001,20250828,trim_r1_to_r2,TSAL20250828_0830_interferenceAndInterferenceFree001,TSAL20250807_0830_staticAndStaticFree001,0.8688595485308579,0.22921519856427341,1.0,0.6396443499665845,1.0980747470951313,0.5640571957575141,0.6399294172716885,-0.9987563333195635,0.0,up,entered_band,True,42,90,96,54,42
TS,23,TSAL20250807_0830_staticAndStaticFree001,20250807,TSAL20250829_0830_interferenceAndInterferenceFree001,20250829,trim_r2_to_r1,TSAL20250807_0830_staticAndStaticFree001,TSAL20250829_0830_interferenceAndInterferenceFree001,0.5640571957575141,0.127232447875474,1.0,0.4368247478820401,0.6912896436329881,0.8623892010399029,0.6883203731448867,0.9766626317603547,0.0,down,entered_band,True,42,96,95,53,42
TS,23,TSAL20250807_0830_staticAndStaticFree001,20250807,TSAL20250829_0830_interferenceAndInterferenceFree001,20250829,trim_r1_to_r2,TSAL20250829_0830_interferenceAndInterferenceFree001,TSAL20250807_0830_staticAndStaticFree001,0.8623892010399029,0.27237421899707176,1.0,0.5900149820428311,1.1347634200369747,0.5640571957575141,0.5917248831278312,-0.9937222359322544,0.0,up,entered_band,True,15,95,96,81,15
TS,24,TSAL20250807_0830_staticAndStaticFree001,20250807,TSAL20250830_0830_interferenceAndInterferenceFree001,20250830,trim_r2_to_r1,TSAL20250807_0830_staticAndStaticFree001,TSAL20250830_0830_interferenceAndInterferenceFree001,0.5640571957575141,0.127232447875474,1.0,0.4368247478820401,0.6912896436329881,0.7607158166146287,0.6871077489055665,0.9671318535699747,0.0,down,entered_band,True,14,96,79,65,14
TS,24,TSAL20250807_0830_staticAndStaticFree001,20250807,TSAL20250830_0830_interferenceAndInterferenceFree001,20250830,trim_r1_to_r2,TSAL20250830_0830_interferenceAndInterferenceFree001,TSAL20250807_0830_staticAndStaticFree001,0.7607158166146287,0.19281336336962115,1.0,0.5679024532450075,0.9535291799842499,0.5640571957575141,0.5682312779002842,-0.9982945961341578,0.0,up,entered_band,True,2,79,96,94,2
TS,25,TSAL20250808_0830_staticAndStaticFree001,20250808,TSAL20250828_0830_interferenceAndInterferenceFree001,20250828,trim_r2_to_r1,TSAL20250808_0830_staticAndStaticFree001,TSAL20250828_0830_interferenceAndInterferenceFree001,0.5034286108365894,0.10919983366627765,1.0,0.39422877717031174,0.612628444502867,0.8688595485308579,0.6084233235981641,0.961491508150515,0.0,down,entered_band,True,61,62,90,29,61
TS,25,TSAL20250808_0830_staticAndStaticFree001,20250808,TSAL20250828_0830_interferenceAndInterferenceFree001,20250828,trim_r1_to_r2,TSAL20250828_0830_interferenceAndInterferenceFree001,TSAL20250808_0830_staticAndStaticFree001,0.8688595485308579,0.22921519856427341,1.0,0.6396443499665845,1.0980747470951313,0.5034286108365894,0.639833812231954,-0.999173430616485,0.0,up,entered_band,True,50,90,62,12,50
TS,26,TSAL20250808_0830_staticAndStaticFree001,20250808,TSAL20250829_0830_interferenceAndInterferenceFree001,20250829,trim_r2_to_r1,TSAL20250808_0830_staticAndStaticFree001,TSAL20250829_0830_interferenceAndInterferenceFree001,0.5034286108365894,0.10919983366627765,1.0,0.39422877717031174,0.612628444502867,0.8623892010399029,0.6122997163585372,0.9969896644226173,0.0,down,entered_band,True,55,62,95,40,55
TS,26,TSAL20250808_0830_staticAndStaticFree001,20250808,TSAL20250829_0830_interferenceAndInterferenceFree001,20250829,trim_r1_to_r2,TSAL20250829_0830_interferenceAndInterferenceFree001,TSAL20250808_0830_staticAndStaticFree001,0.8623892010399029,0.27237421899707176,1.0,0.5900149820428311,1.1347634200369747,0.5034286108365894,0.5914845418863784,-0.9946046294360807,0.0,up,entered_band,True,38,95,62,24,38
TS,27,TSAL20250808_0830_staticAndStaticFree001,20250808,TSAL20250830_0830_interferenceAndInterferenceFree001,20250830,trim_r2_to_r1,TSAL20250808_0830_staticAndStaticFree001,TSAL20250830_0830_interferenceAndInterferenceFree001,0.5034286108365894,0.10919983366627765,1.0,0.39422877717031174,0.612628444502867,0.7607158166146287,0.6116165870957057,0.9907338924136669,0.0,down,entered_band,True,33,62,79,46,33
TS,27,TSAL20250808_0830_staticAndStaticFree001,20250808,TSAL20250830_0830_interferenceAndInterferenceFree001,20250830,trim_r1_to_r2,TSAL20250830_0830_interferenceAndInterferenceFree001,TSAL20250808_0830_staticAndStaticFree001,0.7607158166146287,0.19281336336962115,1.0,0.5679024532450075,0.9535291799842499,0.5034286108365894,0.5685748590489724,-0.9965126597440456,0.0,up,entered_band,True,29,79,62,33,29
TS,28,TSAL20250809_0830_staticAndStaticFree001,20250809,TSAL20250828_0830_interferenceAndInterferenceFree001,20250828,trim_r2_to_r1,TSAL20250809_0830_staticAndStaticFree001,TSAL20250828_0830_interferenceAndInterferenceFree001,0.5157905404120591,0.1131347668511083,1.0,0.4026557735609508,0.6289253072631674,0.8688595485308579,0.6275878563774792,0.9881782503918678,0.0,down,entered_band,True,58,61,90,32,58
TS,28,TSAL20250809_0830_staticAndStaticFree001,20250809,TSAL20250828_0830_interferenceAndInterferenceFree001,20250828,trim_r1_to_r2,TSAL20250828_0830_interferenceAndInterferenceFree001,TSAL20250809_0830_staticAndStaticFree001,0.8688595485308579,0.22921519856427341,1.0,0.6396443499665845,1.0980747470951313,0.5157905404120591,0.6415585360551013,-0.9916489565242331,0.0,up,entered_band,True,42,90,61,19,42
TS,29,TSAL20250809_0830_staticAndStaticFree001,20250809,TSAL20250829_0830_interferenceAndInterferenceFree001,20250829,trim_r2_to_r1,TSAL20250809_0830_staticAndStaticFree001,TSAL20250829_0830_interferenceAndInterferenceFree001,0.5157905404120591,0.1131347668511083,1.0,0.4026557735609508,0.6289253072631674,0.8623892010399029,0.6288024117800991,0.9989137248744233,0.0,down,entered_band,True,52,61,95,43,52
TS,29,TSAL20250809_0830_staticAndStaticFree001,20250809,TSAL20250829_0830_interferenceAndInterferenceFree001,20250829,trim_r1_to_r2,TSAL20250829_0830_interferenceAndInterferenceFree001,TSAL20250809_0830_staticAndStaticFree001,0.8623892010399029,0.27237421899707176,1.0,0.5900149820428311,1.1347634200369747,0.5157905404120591,0.591150531936231,-0.9958309200570408,0.0,up,entered_band,True,29,95,61,32,29
TS,30,TSAL20250809_0830_staticAndStaticFree001,20250809,TSAL20250830_0830_interferenceAndInterferenceFree001,20250830,trim_r2_to_r1,TSAL20250809_0830_staticAndStaticFree001,TSAL20250830_0830_interferenceAndInterferenceFree001,0.5157905404120591,0.1131347668511083,1.0,0.4026557735609508,0.6289253072631674,0.7607158166146287,0.6288401796291824,0.9992475554919644,0.0,down,entered_band,True,27,61,79,52,27
TS,30,TSAL20250809_0830_staticAndStaticFree001,20250809,TSAL20250830_0830_interferenceAndInterferenceFree001,20250830,trim_r1_to_r2,TSAL20250830_0830_interferenceAndInterferenceFree001,TSAL20250809_0830_staticAndStaticFree001,0.7607158166146287,0.19281336336962115,1.0,0.5679024532450075,0.9535291799842499,0.5157905404120591,0.5694844184097673,-0.9917953551708598,0.0,up,entered_band,True,22,79,61,39,22
TS,31,TSAL20250810_0830_staticAndStaticFree001,20250810,TSAL20250828_0830_interferenceAndInterferenceFree001,20250828,trim_r2_to_r1,TSAL20250810_0830_staticAndStaticFree001,TSAL20250828_0830_interferenceAndInterferenceFree001,0.5115709960497056,0.10924492251776975,1.0,0.40232607353193583,0.6208159185674753,0.8688595485308579,0.6149699570960323,0.9464875681476902,0.0,down,entered_band,True,60,83,90,30,60
TS,31,TSAL20250810_0830_staticAndStaticFree001,20250810,TSAL20250828_0830_interferenceAndInterferenceFree001,20250828,trim_r1_to_r2,TSAL20250828_0830_interferenceAndInterferenceFree001,TSAL20250810_0830_staticAndStaticFree001,0.8688595485308579,0.22921519856427341,1.0,0.6396443499665845,1.0980747470951313,0.5115709960497056,0.6422453752378389,-0.988652474672071,0.0,up,entered_band,True,67,90,83,16,67
TS,32,TSAL20250810_0830_staticAndStaticFree001,20250810,TSAL20250829_0830_interferenceAndInterferenceFree001,20250829,trim_r2_to_r1,TSAL20250810_0830_staticAndStaticFree001,TSAL20250829_0830_interferenceAndInterferenceFree001,0.5115709960497056,0.10924492251776975,1.0,0.40232607353193583,0.6208159185674753,0.8623892010399029,0.6171157354312674,0.9661294726479756,0.0,down,entered_band,True,54,83,95,41,54
TS,32,TSAL20250810_0830_staticAndStaticFree001,20250810,TSAL20250829_0830_interferenceAndInterferenceFree001,20250829,trim_r1_to_r2,TSAL20250829_0830_interferenceAndInterferenceFree001,TSAL20250810_0830_staticAndStaticFree001,0.8623892010399029,0.27237421899707176,1.0,0.5900149820428311,1.1347634200369747,0.5115709960497056,0.5913368809854086,-0.9951467545370303,0.0,up,entered_band,True,46,95,83,37,46
TS,33,TSAL20250810_0830_staticAndStaticFree001,20250810,TSAL20250830_0830_interferenceAndInterferenceFree001,20250830,trim_r2_to_r1,TSAL20250810_0830_staticAndStaticFree001,TSAL20250830_0830_interferenceAndInterferenceFree001,0.5115709960497056,0.10924492251776975,1.0,0.40232607353193583,0.6208159185674753,0.7607158166146287,0.6196659791560883,0.9894737495813599,0.0,down,entered_band,True,30,83,79,49,30
TS,33,TSAL20250810_0830_staticAndStaticFree001,20250810,TSAL20250830_0830_interferenceAndInterferenceFree001,20250830,trim_r1_to_r2,TSAL20250830_0830_interferenceAndInterferenceFree001,TSAL20250810_0830_staticAndStaticFree001,0.7607158166146287,0.19281336336962115,1.0,0.5679024532450075,0.9535291799842499,0.5115709960497056,0.5691005707983849,-0.9937861280336644,0.0,up,entered_band,True,33,79,83,50,33
TS,34,TSAL20250811_0830_staticAndStaticFree001,20250811,TSAL20250828_0830_interferenceAndInterferenceFree001,20250828,trim_r2_to_r1,TSAL20250811_0830_staticAndStaticFree001,TSAL20250828_0830_interferenceAndInterferenceFree001,0.514410950145457,0.12080678193696621,1.0,0.3936041682084908,0.6352177320824233,0.8688595485308579,0.6334852323895251,0.98565892025994,0.0,down,entered_band,True,57,86,90,33,57
TS,34,TSAL20250811_0830_staticAndStaticFree001,20250811,TSAL20250828_0830_interferenceAndInterferenceFree001,20250828,trim_r1_to_r2,TSAL20250828_0830_interferenceAndInterferenceFree001,TSAL20250811_0830_staticAndStaticFree001,0.8688595485308579,0.22921519856427341,1.0,0.6396443499665845,1.0980747470951313,0.514410950145457,0.6416760998424346,-0.9911360595258243,0.0,up,entered_band,True,59,90,86,27,59
TS,35,TSAL20250811_0830_staticAndStaticFree001,20250811,TSAL20250829_0830_interferenceAndInterferenceFree001,20250829,trim_r2_to_r1,TSAL20250811_0830_staticAndStaticFree001,TSAL20250829_0830_interferenceAndInterferenceFree001,0.514410950145457,0.12080678193696621,1.0,0.3936041682084908,0.6352177320824233,0.8623892010399029,0.6288024117800991,0.946896025210973,0.0,down,entered_band,True,52,86,95,43,52
TS,35,TSAL20250811_0830_staticAndStaticFree001,20250811,TSAL20250829_0830_interferenceAndInterferenceFree001,20250829,trim_r1_to_r2,TSAL20250829_0830_interferenceAndInterferenceFree001,TSAL20250811_0830_staticAndStaticFree001,0.8623892010399029,0.27237421899707176,1.0,0.5900149820428311,1.1347634200369747,0.514410950145457,0.5910799352729017,-0.9960901100185183,0.0,up,entered_band,True,39,95,86,47,39
TS,36,TSAL20250811_0830_staticAndStaticFree001,20250811,TSAL20250830_0830_interferenceAndInterferenceFree001,20250830,trim_r2_to_r1,TSAL20250811_0830_staticAndStaticFree001,TSAL20250830_0830_interferenceAndInterferenceFree001,0.514410950145457,0.12080678193696621,1.0,0.3936041682084908,0.6352177320824233,0.7607158166146287,0.632551646022283,0.9779309901530914,0.0,down,entered_band,True,26,86,79,53,26
TS,36,TSAL20250811_0830_staticAndStaticFree001,20250811,TSAL20250830_0830_interferenceAndInterferenceFree001,20250830,trim_r1_to_r2,TSAL20250830_0830_interferenceAndInterferenceFree001,TSAL20250811_0830_staticAndStaticFree001,0.7607158166146287,0.19281336336962115,1.0,0.5679024532450075,0.9535291799842499,0.514410950145457,0.5698973186334686,-0.9896539049285868,0.0,up,entered_band,True,29,79,86,57,29
TS,37,TSAL20250812_0830_staticAndStaticFree001,20250812,TSAL20250828_0830_interferenceAndInterferenceFree001,20250828,trim_r2_to_r1,TSAL20250812_0830_staticAndStaticFree001,TSAL20250828_0830_interferenceAndInterferenceFree001,0.4996233072815026,0.11189608238590243,1.0,0.3877272248956002,0.611519389667405,0.8688595485308579,0.6084233235981641,0.9723308805525168,0.0,down,entered_band,True,61,76,90,29,61
TS,37,TSAL20250812_0830_staticAndStaticFree001,20250812,TSAL20250828_0830_interferenceAndInterferenceFree001,20250828,trim_r1_to_r2,TSAL20250828_0830_interferenceAndInterferenceFree001,TSAL20250812_0830_staticAndStaticFree001,0.8688595485308579,0.22921519856427341,1.0,0.6396443499665845,1.0980747470951313,0.4996233072815026,0.6397948562982136,-0.9993433841535296,0.0,up,entered_band,True,56,90,76,20,56
TS,38,TSAL20250812_0830_staticAndStaticFree001,20250812,TSAL20250829_0830_interferenceAndInterferenceFree001,20250829,trim_r2_to_r1,TSAL20250812_0830_staticAndStaticFree001,TSAL20250829_0830_interferenceAndInterferenceFree001,0.4996233072815026,0.11189608238590243,1.0,0.3877272248956002,0.611519389667405,0.8623892010399029,0.6076213404306993,0.9651636665592781,0.0,down,entered_band,True,56,76,95,39,56
TS,38,TSAL20250812_0830_staticAndStaticFree001,20250812,TSAL20250829_0830_interferenceAndInterferenceFree001,20250829,trim_r1_to_r2,TSAL20250829_0830_interferenceAndInterferenceFree001,TSAL20250812_0830_staticAndStaticFree001,0.8623892010399029,0.27237421899707176,1.0,0.5900149820428311,1.1347634200369747,0.4996233072815026,0.5912815097114409,-0.9953500457081683,0.0,up,entered_band,True,44,95,76,32,44
TS,39,TSAL20250812_0830_staticAndStaticFree001,20250812,TSAL20250830_0830_interferenceAndInterferenceFree001,20250830,trim_r2_to_r1,TSAL20250812_0830_staticAndStaticFree001,TSAL20250830_0830_interferenceAndInterferenceFree001,0.4996233072815026,0.11189608238590243,1.0,0.3877272248956002,0.611519389667405,0.7607158166146287,0.6086380151294983,0.9742495494348985,0.0,down,entered_band,True,34,76,79,45,34
TS,39,TSAL20250812_0830_staticAndStaticFree001,20250812,TSAL20250830_0830_interferenceAndInterferenceFree001,20250830,trim_r1_to_r2,TSAL20250830_0830_interferenceAndInterferenceFree001,TSAL20250812_0830_staticAndStaticFree001,0.7607158166146287,0.19281336336962115,1.0,0.5679024532450075,0.9535291799842499,0.4996233072815026,0.5680758199285388,-0.9991008575313376,0.0,up,entered_band,True,35,79,76,41,35
TS,40,TSAL20250813_0830_staticAndStaticFree001,20250813,TSAL20250828_0830_interferenceAndInterferenceFree001,20250828,trim_r2_to_r1,TSAL20250813_0830_staticAndStaticFree001,TSAL20250828_0830_interferenceAndInterferenceFree001,0.6651459824564661,0.16689590496514217,1.0,0.4982500774913239,0.8320418874216082,0.8688595485308579,0.8313714197212871,0.9959827192856462,0.0,down,entered_band,True,10,58,90,80,10
TS,40,TSAL20250813_0830_staticAndStaticFree001,20250813,TSAL20250828_0830_interferenceAndInterferenceFree001,20250828,trim_r1_to_r2,TSAL20250828_0830_interferenceAndInterferenceFree001,TSAL20250813_0830_staticAndStaticFree001,0.8688595485308579,0.22921519856427341,1.0,0.6396443499665845,1.0980747470951313,0.6651459824564661,0.6651459824564661,-0.8887437104973178,0.0,inside,inside_initial,True,0,90,58,58,0
TS,41,TSAL20250813_0830_staticAndStaticFree001,20250813,TSAL20250829_0830_interferenceAndInterferenceFree001,20250829,trim_r2_to_r1,TSAL20250813_0830_staticAndStaticFree001,TSAL20250829_0830_interferenceAndInterferenceFree001,0.6651459824564661,0.16689590496514217,1.0,0.4982500774913239,0.8320418874216082,0.8623892010399029,0.8274853947329665,0.9726985950338719,0.0,down,entered_band,True,3,58,95,92,3
TS,41,TSAL20250813_0830_staticAndStaticFree001,20250813,TSAL20250829_0830_interferenceAndInterferenceFree001,20250829,trim_r1_to_r2,TSAL20250829_0830_interferenceAndInterferenceFree001,TSAL20250813_0830_staticAndStaticFree001,0.8623892010399029,0.27237421899707176,1.0,0.5900149820428311,1.1347634200369747,0.6651459824564661,0.6651459824564661,-0.7241625852465772,0.0,inside,inside_initial,True,0,95,58,58,0
TS,42,TSAL20250813_0830_staticAndStaticFree001,20250813,TSAL20250830_0830_interferenceAndInterferenceFree001,20250830,trim_r2_to_r1,TSAL20250813_0830_staticAndStaticFree001,TSAL20250830_0830_interferenceAndInterferenceFree001,0.6651459824564661,0.16689590496514217,1.0,0.4982500774913239,0.8320418874216082,0.7607158166146287,0.7607158166146287,0.572631390675064,0.0,inside,inside_initial,True,0,58,79,79,0
TS,42,TSAL20250813_0830_staticAndStaticFree001,20250813,TSAL20250830_0830_interferenceAndInterferenceFree001,20250830,trim_r1_to_r2,TSAL20250830_0830_interferenceAndInterferenceFree001,TSAL20250813_0830_staticAndStaticFree001,0.7607158166146287,0.19281336336962115,1.0,0.5679024532450075,0.9535291799842499,0.6651459824564661,0.6651459824564661,-0.4956598053577662,0.0,inside,inside_initial,True,0,79,58,58,0
