pair_id,match_mode,r1_session,r2_session,r1_date,r2_date,r1_n_before,r2_n_before,n_retained_each,r1_retain_fraction,r2_retain_fraction,direction_r1,direction_r2,within_tolerance,requested_tolerance,minimum_trials,r1_neural_mean_before,r2_neural_mean_before,neural_gap_before,r1_neural_mean_after,r2_neural_mean_after,neural_gap_after,neural_wasserstein_before,neural_wasserstein_after,r1_position_mean_before,r2_position_mean_before,position_gap_before,r1_position_mean_after,r2_position_mean_after,position_gap_after,position_wasserstein_before,position_wasserstein_after
1,neural,TSAL20250731_0830_staticAndStaticFree,TSAL20250828_0830_interferenceAndInterferenceFree001,20250731,20250828,43,90,40,0.9302325581395349,0.4444444444444444,adaptive,adaptive,False,0.1,40,0.5759955122674215,0.8688595485308579,0.4053888091745751,0.5906564465520266,0.6786289350743886,0.13861735082718318,0.29405342726025013,0.1013454794784613,7.366623059137056,3.269424634620207,0.770436264012179,7.769426028478755,2.6718999739127667,0.9764135423792784,4.097198424516846,5.097526054565989
1,position,TSAL20250731_0830_staticAndStaticFree,TSAL20250828_0830_interferenceAndInterferenceFree001,20250731,20250828,43,90,40,0.9302325581395349,0.4444444444444444,adaptive,adaptive,True,0.1,40,0.5759955122674215,0.8688595485308579,0.4053888091745751,0.5762896726785488,0.906912567240164,0.44582307882670813,0.29405342726025013,0.33178772034268694,7.366623059137056,3.269424634620207,0.770436264012179,6.045349694117202,6.045338709618388,1.8170179309649393e-06,4.097198424516846,3.8376782588733884
1,joint,TSAL20250731_0830_staticAndStaticFree,TSAL20250828_0830_interferenceAndInterferenceFree001,20250731,20250828,43,90,40,0.9302325581395349,0.4444444444444444,joint,joint,False,0.1,40,0.5759955122674215,0.8688595485308579,0.4053888091745751,0.5811472519247234,0.8085733397619851,0.32729757218497263,0.29405342726025013,0.2326071044052642,7.366623059137056,3.269424634620207,0.770436264012179,7.151003881617555,5.142548505687316,0.32674939068129766,4.097198424516846,3.7487141077312343
2,neural,TSAL20250731_0830_staticAndStaticFree,TSAL20250829_0830_interferenceAndInterferenceFree001,20250731,20250829,43,95,40,0.9302325581395349,0.42105263157894735,adaptive,adaptive,True,0.1,40,0.5759955122674215,0.8623892010399029,0.39821570143632457,0.5906564465520266,0.6122997163585372,0.03598347217265914,0.2863972686084835,0.05422409093273859,7.366623059137056,1.7066157425394428,1.2476266612869906,7.769426028478755,1.3042296530032362,1.4250477651846634,5.6600073165976115,6.46519637547552
2,position,TSAL20250731_0830_staticAndStaticFree,TSAL20250829_0830_interferenceAndInterferenceFree001,20250731,20250829,43,95,40,0.9302325581395349,0.42105263157894735,adaptive,adaptive,True,0.1,40,0.5759955122674215,0.8623892010399029,0.39821570143632457,0.5683032502640836,0.8985753536235405,0.45030597962796204,0.2863972686084835,0.3302721033594569,7.366623059137056,1.7066157425394428,1.2476266612869906,3.2359532550717667,3.1925982481303556,0.013488266188678894,5.6600073165976115,0.5143640911568717
2,joint,TSAL20250731_0830_staticAndStaticFree,TSAL20250829_0830_interferenceAndInterferenceFree001,20250731,20250829,43,95,40,0.9302325581395349,0.42105263157894735,joint,joint,False,0.1,40,0.5759955122674215,0.8623892010399029,0.39821570143632457,0.5765067291802066,0.8253583212762746,0.35502931186569764,0.2863972686084835,0.2504419701252739,7.366623059137056,1.7066157425394428,1.2476266612869906,4.337829278350797,3.07183285233482,0.3417150211945855,5.6600073165976115,1.3196948240145732
3,neural,TSAL20250731_0830_staticAndStaticFree,TSAL20250830_0830_interferenceAndInterferenceFree001,20250731,20250830,43,79,40,0.9302325581395349,0.5063291139240507,adaptive,adaptive,True,0.1,40,0.5759955122674215,0.7607158166146287,0.2763802480849726,0.5906564465520266,0.5947430319594136,0.006894866214246431,0.1874522818409176,0.05114555212843395,7.366623059137056,2.6436476124827157,0.9436259221330547,7.769426028478755,0.7777521746477718,1.636019207198337,4.722975446654339,6.991673853830983
3,position,TSAL20250731_0830_staticAndStaticFree,TSAL20250830_0830_interferenceAndInterferenceFree001,20250731,20250830,43,79,40,0.9302325581395349,0.5063291139240507,adaptive,adaptive,True,0.1,40,0.5759955122674215,0.7607158166146287,0.2763802480849726,0.5716406527390878,0.768840986642421,0.29422310326357076,0.1874522818409176,0.20186285369188214,7.366623059137056,2.6436476124827157,0.9436259221330547,4.72823893097913,4.728188111709285,1.0748091137639213e-05,4.722975446654339,1.508179375311228
3,joint,TSAL20250731_0830_staticAndStaticFree,TSAL20250830_0830_interferenceAndInterferenceFree001,20250731,20250830,43,79,40,0.9302325581395349,0.5063291139240507,joint,joint,False,0.1,40,0.5759955122674215,0.7607158166146287,0.2763802480849726,0.5828241915426976,0.7306729332573489,0.22512229212097945,0.1874522818409176,0.1570031658616842,7.366623059137056,2.6436476124827157,0.9436259221330547,4.924780403719947,4.4318196817533435,0.10537176270512114,4.722975446654339,1.6030605338093604
4,neural,TSAL20250801_0830_staticAndStaticFree,TSAL20250828_0830_interferenceAndInterferenceFree001,20250801,20250828,91,90,40,0.43956043956043955,0.4444444444444444,adaptive,adaptive,False,0.1,40,0.4763180550971735,0.8688595485308579,0.583627756476133,0.5801268415626598,0.6786289350743886,0.15650707681340958,0.39254149343368433,0.09852778911018993,3.921318354201196,3.269424634620207,0.18131470436209746,6.113462919020078,2.6718999739127667,0.7834765591472121,0.6518937195809886,3.4415629451073104
4,position,TSAL20250801_0830_staticAndStaticFree,TSAL20250828_0830_interferenceAndInterferenceFree001,20250801,20250828,91,90,40,0.43956043956043955,0.4444444444444444,adaptive,adaptive,True,0.1,40,0.4763180550971735,0.8688595485308579,0.583627756476133,0.5132185124568192,0.8629688969175533,0.5082888886764833,0.39254149343368433,0.34975038446073425,3.921318354201196,3.269424634620207,0.18131470436209746,4.954446553486574,4.954441320059847,1.0563096067761508e-06,0.6518937195809886,0.5746163500600509
4,joint,TSAL20250801_0830_staticAndStaticFree,TSAL20250828_0830_interferenceAndInterferenceFree001,20250801,20250828,91,90,40,0.43956043956043955,0.4444444444444444,joint,joint,False,0.1,40,0.4763180550971735,0.8688595485308579,0.583627756476133,0.5585725195764973,0.7360721061998692,0.2742058833588093,0.39254149343368433,0.1776250922916042,3.921318354201196,3.269424634620207,0.18131470436209746,4.701607335941834,3.5961465900242264,0.2664481872518063,0.6518937195809886,1.5930802845823473
5,neural,TSAL20250801_0830_staticAndStaticFree,TSAL20250829_0830_interferenceAndInterferenceFree001,20250801,20250829,91,95,40,0.43956043956043955,0.42105263157894735,adaptive,adaptive,True,0.1,40,0.4763180550971735,0.8623892010399029,0.5767820323268612,0.5801268415626598,0.6122997163585372,0.05396202320747634,0.3860711459427295,0.03524061812712187,3.921318354201196,1.7066157425394428,0.7870392842533022,6.113462919020078,1.3042296530032362,1.296692527850351,2.2147026116617528,4.809233266016841
5,position,TSAL20250801_0830_staticAndStaticFree,TSAL20250829_0830_interferenceAndInterferenceFree001,20250801,20250829,91,95,40,0.43956043956043955,0.42105263157894735,adaptive,adaptive,True,0.1,40,0.4763180550971735,0.8623892010399029,0.5767820323268612,0.4596218420091642,0.9395860994240934,0.6860513626348991,0.3860711459427295,0.47996425741492926,3.921318354201196,1.7066157425394428,0.7870392842533022,2.5660019255945397,2.566060897242635,2.2981654796980037e-05,2.2147026116617528,1.103790985186914
5,joint,TSAL20250801_0830_staticAndStaticFree,TSAL20250829_0830_interferenceAndInterferenceFree001,20250801,20250829,91,95,40,0.43956043956043955,0.42105263157894735,joint,joint,False,0.1,40,0.4763180550971735,0.8623892010399029,0.5767820323268612,0.5387836632695024,0.6337858538780259,0.16204103760028177,0.3860711459427295,0.09500219060852341,3.921318354201196,1.7066157425394428,0.7870392842533022,2.4287456303175103,2.067897815418599,0.1604965211289238,2.2147026116617528,0.8306686915548996
6,neural,TSAL20250801_0830_staticAndStaticFree,TSAL20250830_0830_interferenceAndInterferenceFree001,20250801,20250830,91,79,40,0.43956043956043955,0.5063291139240507,adaptive,adaptive,True,0.1,40,0.4763180550971735,0.7607158166146287,0.4598059406795496,0.5801268415626598,0.5947430319594136,0.02488137746342367,0.28439776151745527,0.01711475978227868,3.921318354201196,2.6436476124827157,0.3892391059458472,6.113462919020078,0.7777521746477718,1.5485544049481625,1.7508775123161844,5.335710744372307
6,position,TSAL20250801_0830_staticAndStaticFree,TSAL20250830_0830_interferenceAndInterferenceFree001,20250801,20250830,91,79,40,0.43956043956043955,0.5063291139240507,adaptive,adaptive,True,0.1,40,0.4763180550971735,0.7607158166146287,0.4598059406795496,0.481100746402961,0.7639934382213774,0.45441171489170346,0.28439776151745527,0.2828926918184163,3.921318354201196,2.6436476124827157,0.3892391059458472,3.591168475693647,3.5911719450187274,9.660709120795623e-07,1.7508775123161844,3.8798167453013668
6,joint,TSAL20250801_0830_staticAndStaticFree,TSAL20250830_0830_interferenceAndInterferenceFree001,20250801,20250830,91,79,40,0.43956043956043955,0.5063291139240507,joint,joint,True,0.1,40,0.4763180550971735,0.7607158166146287,0.4598059406795496,0.5665215990781304,0.6211476347555247,0.09198863474987555,0.28439776151745527,0.0546260356773944,3.921318354201196,2.6436476124827157,0.3892391059458472,3.9487302184815047,3.601809082873677,0.09189307459019828,1.7508775123161844,3.005972459863071
7,neural,TSAL20250802_0830_staticAndStaticFree001,TSAL20250828_0830_interferenceAndInterferenceFree001,20250802,20250828,75,90,40,0.5333333333333333,0.4444444444444444,adaptive,adaptive,True,0.1,40,0.6077533228298377,0.8688595485308579,0.3536556273688869,0.6841505664326715,0.6841529169455268,3.435660120590239e-06,0.2612645628835591,0.04674327225595147,2.9486902685961236,3.269424634620207,0.10316128634360969,3.9993905115741475,2.6970419113781854,0.3889678915394119,0.5211028754687435,1.3023486001959617
7,position,TSAL20250802_0830_staticAndStaticFree001,TSAL20250828_0830_interferenceAndInterferenceFree001,20250802,20250828,75,90,40,0.5333333333333333,0.4444444444444444,adaptive,adaptive,True,0.1,40,0.6077533228298377,0.8688595485308579,0.3536556273688869,0.6403487396245163,0.8651569080052409,0.29864805719547954,0.2612645628835591,0.22523068591955067,2.9486902685961236,3.269424634620207,0.10316128634360969,4.396987081626443,4.39698688574071,4.454999144877836e-08,0.5211028754687435,0.8784487248159221
7,joint,TSAL20250802_0830_staticAndStaticFree001,TSAL20250828_0830_interferenceAndInterferenceFree001,20250802,20250828,75,90,40,0.5333333333333333,0.4444444444444444,joint,joint,True,0.1,40,0.6077533228298377,0.8688595485308579,0.3536556273688869,0.6676146486220526,0.685271243368758,0.026102119700166664,0.2612645628835591,0.04196335856616995,2.9486902685961236,3.269424634620207,0.10316128634360969,3.2863411078669067,3.2705978644083835,0.004802010061429685,0.5211028754687435,0.7792646612478222
8,neural,TSAL20250802_0830_staticAndStaticFree001,TSAL20250829_0830_interferenceAndInterferenceFree001,20250802,20250829,75,95,40,0.5333333333333333,0.42105263157894735,adaptive,adaptive,True,0.1,40,0.6077533228298377,0.8623892010399029,0.34640978554896457,0.6661518726264116,0.6661525048885152,9.491256115825583e-07,0.2546496301005978,0.026511458911468767,2.9486902685961236,1.7066157425394428,0.5336167045026121,4.043740653283886,1.4150671564258737,0.96309435631066,1.2420745260566806,2.6286734968580125
8,position,TSAL20250802_0830_staticAndStaticFree001,TSAL20250829_0830_interferenceAndInterferenceFree001,20250802,20250829,75,95,40,0.5333333333333333,0.42105263157894735,adaptive,adaptive,True,0.1,40,0.6077533228298377,0.8623892010399029,0.34640978554896457,0.6064473563822371,0.9306719622465225,0.42186003641346614,0.2546496301005978,0.32422460586428553,2.9486902685961236,1.7066157425394428,0.5336167045026121,2.8039493082569327,2.804060527398544,3.9664388926128375e-05,1.2420745260566806,0.6625726041731906
8,joint,TSAL20250802_0830_staticAndStaticFree001,TSAL20250829_0830_interferenceAndInterferenceFree001,20250802,20250829,75,95,40,0.5333333333333333,0.42105263157894735,joint,joint,True,0.1,40,0.6077533228298377,0.8623892010399029,0.34640978554896457,0.6689454094829657,0.6833063400962354,0.02124002519166804,0.2546496301005978,0.038133864330619945,2.9486902685961236,1.7066157425394428,0.5336167045026121,2.3912684112713793,2.3862707011214948,0.002092169224494928,1.2420745260566806,0.6030160350673931
9,neural,TSAL20250802_0830_staticAndStaticFree001,TSAL20250830_0830_interferenceAndInterferenceFree001,20250802,20250830,75,79,40,0.5333333333333333,0.5063291139240507,adaptive,adaptive,True,0.1,40,0.6077533228298377,0.7607158166146287,0.22355271211579752,0.6479996177946754,0.6480072503215656,1.177852845991742e-05,0.1529875071930134,0.00874902616164085,2.9486902685961236,2.6436476124827157,0.10909307076937953,4.056509010190378,2.1144193876120565,0.6294319095551101,1.5901270492652153,1.9653081702491209
9,position,TSAL20250802_0830_staticAndStaticFree001,TSAL20250830_0830_interferenceAndInterferenceFree001,20250802,20250830,75,79,40,0.5333333333333333,0.5063291139240507,adaptive,adaptive,True,0.1,40,0.6077533228298377,0.7607158166146287,0.22355271211579752,0.6276793645237039,0.7763625206559251,0.211793049340831,0.1529875071930134,0.14921793066866842,2.9486902685961236,2.6436476124827157,0.10909307076937953,4.12709157980887,4.125587293232643,0.00036455715758947543,1.5901270492652153,2.6311387537037465
9,joint,TSAL20250802_0830_staticAndStaticFree001,TSAL20250830_0830_interferenceAndInterferenceFree001,20250802,20250830,75,79,40,0.5333333333333333,0.5063291139240507,joint,joint,True,0.1,40,0.6077533228298377,0.7607158166146287,0.22355271211579752,0.6642156501939164,0.6640995512344702,0.00017480634012371848,0.1529875071930134,0.016117761407815998,2.9486902685961236,2.6436476124827157,0.10909307076937953,4.041542727151714,4.041294748170532,6.135938819466464e-05,1.5901270492652153,2.28565599964017
10,neural,TSAL20250803_1400_staticAndStaticFree001,TSAL20250828_0830_interferenceAndInterferenceFree001,20250803,20250828,75,90,40,0.5333333333333333,0.4444444444444444,adaptive,adaptive,False,0.1,40,0.5198903125972558,0.8688595485308579,0.5025660065954949,0.599155546163683,0.6786289350743886,0.12439247788281502,0.348969235933602,0.08350558560656209,4.382162315633916,3.269424634620207,0.2908514764971083,5.919486134394653,2.6718999739127667,0.7560098264799531,1.1127376810137082,3.247586160481887
10,position,TSAL20250803_1400_staticAndStaticFree001,TSAL20250828_0830_interferenceAndInterferenceFree001,20250803,20250828,75,90,40,0.5333333333333333,0.4444444444444444,adaptive,adaptive,True,0.1,40,0.5198903125972558,0.8688595485308579,0.5025660065954949,0.5368066420216766,0.8912122467541574,0.49635982761585773,0.348969235933602,0.35440560473248084,4.382162315633916,3.269424634620207,0.2908514764971083,4.8806443375499455,4.88064056951535,7.720365979125115e-07,1.1127376810137082,0.48842006974577473
10,joint,TSAL20250803_1400_staticAndStaticFree001,TSAL20250828_0830_interferenceAndInterferenceFree001,20250803,20250828,75,90,40,0.5333333333333333,0.4444444444444444,joint,joint,False,0.1,40,0.5198903125972558,0.8688595485308579,0.5025660065954949,0.5915129242803312,0.7198110957478726,0.1956772994439345,0.348969235933602,0.12924594765828595,4.382162315633916,3.269424634620207,0.2908514764971083,4.599614698399572,3.7825575900155237,0.1949511606945358,1.1127376810137082,0.9162334103212194
11,neural,TSAL20250803_1400_staticAndStaticFree001,TSAL20250829_0830_interferenceAndInterferenceFree001,20250803,20250829,75,95,40,0.5333333333333333,0.42105263157894735,adaptive,adaptive,True,0.1,40,0.5198903125972558,0.8623892010399029,0.4955566295581392,0.599155546163683,0.6122997163585372,0.02169980287590365,0.34249888844264703,0.02826160552338789,4.382162315633916,1.7066157425394428,0.878845163194252,5.919486134394653,1.3042296530032362,1.2778067734732719,2.6755465730944725,4.615256481391416
11,position,TSAL20250803_1400_staticAndStaticFree001,TSAL20250829_0830_interferenceAndInterferenceFree001,20250803,20250829,75,95,40,0.5333333333333333,0.42105263157894735,adaptive,adaptive,True,0.1,40,0.5198903125972558,0.8623892010399029,0.4955566295581392,0.5057855498891529,0.8995993586551564,0.560435516806444,0.34249888844264703,0.3938138087660034,4.382162315633916,1.7066157425394428,0.878845163194252,2.9329676422084963,2.9328932152620464,2.5376308186748703e-05,2.6755465730944725,0.9863435146982501
11,joint,TSAL20250803_1400_staticAndStaticFree001,TSAL20250829_0830_interferenceAndInterferenceFree001,20250803,20250829,75,95,40,0.5333333333333333,0.42105263157894735,joint,joint,False,0.1,40,0.5198903125972558,0.8623892010399029,0.4955566295581392,0.5668783578934732,0.6949575518653818,0.20300451585085316,0.34249888844264703,0.12808750262198534,4.382162315633916,1.7066157425394428,0.878845163194252,2.966184495001476,2.4196825066992447,0.20293928094758365,2.6755465730944725,1.1620390122656257
12,neural,TSAL20250803_1400_staticAndStaticFree001,TSAL20250830_0830_interferenceAndInterferenceFree001,20250803,20250830,75,79,40,0.5333333333333333,0.5063291139240507,adaptive,adaptive,True,0.1,40,0.5198903125972558,0.7607158166146287,0.3761117466548168,0.5960715954934457,0.5960719708388609,6.296983447188686e-07,0.24082550401737282,0.016454738972367326,4.382162315633916,2.6436476124827157,0.49489374774965866,5.8848121573706385,1.5480388783270114,1.1669205418527742,2.319210813652108,4.336773279043626
12,position,TSAL20250803_1400_staticAndStaticFree001,TSAL20250830_0830_interferenceAndInterferenceFree001,20250803,20250830,75,79,40,0.5333333333333333,0.5063291139240507,adaptive,adaptive,True,0.1,40,0.5198903125972558,0.7607158166146287,0.3761117466548168,0.5327306779228133,0.7719693820255951,0.36673364468495845,0.24082550401737282,0.23923870410278172,4.382162315633916,2.6436476124827157,0.49489374774965866,4.127922848612418,4.128073234861119,3.643079458365188e-05,2.319210813652108,3.9535702212806445
12,joint,TSAL20250803_1400_staticAndStaticFree001,TSAL20250830_0830_interferenceAndInterferenceFree001,20250803,20250830,75,79,40,0.5333333333333333,0.5063291139240507,joint,joint,True,0.1,40,0.5198903125972558,0.7607158166146287,0.3761117466548168,0.5915611747285896,0.6335224447510249,0.06850351984995023,0.24082550401737282,0.04676820612645584,4.382162315633916,2.6436476124827157,0.49489374774965866,4.361746089759865,4.081031286334488,0.0664982128322414,2.319210813652108,3.3109530063223174
13,neural,TSAL20250804_0830_staticAndStaticFree001,TSAL20250828_0830_interferenceAndInterferenceFree001,20250804,20250828,70,90,40,0.5714285714285714,0.4444444444444444,adaptive,adaptive,True,0.1,40,0.5705521891726922,0.8688595485308579,0.4144851004676227,0.6486250745897452,0.6786289350743886,0.045211934213310094,0.29840097940702676,0.05025967329785545,3.80318484027354,3.269424634620207,0.15093727641772609,5.691335730539977,2.6718999739127667,0.722073576144603,1.5522978825612204,3.0194357566272116
13,position,TSAL20250804_0830_staticAndStaticFree001,TSAL20250828_0830_interferenceAndInterferenceFree001,20250804,20250828,70,90,40,0.5714285714285714,0.4444444444444444,adaptive,adaptive,True,0.1,40,0.5705521891726922,0.8688595485308579,0.4144851004676227,0.5650351627974571,0.8818778343473578,0.4379567702759246,0.29840097940702676,0.3169138225258076,3.80318484027354,3.269424634620207,0.15093727641772609,5.398280874233263,5.398217668404936,1.1708579050517713e-05,1.5522978825612204,3.4976271871064384
13,joint,TSAL20250804_0830_staticAndStaticFree001,TSAL20250828_0830_interferenceAndInterferenceFree001,20250804,20250828,70,90,40,0.5714285714285714,0.4444444444444444,joint,joint,False,0.1,40,0.5705521891726922,0.8688595485308579,0.4144851004676227,0.6164060806989158,0.7358856739994974,0.1767068280723606,0.29840097940702676,0.12119280083304843,3.80318484027354,3.269424634620207,0.15093727641772609,4.353274072271566,3.646810176735948,0.17661411393842805,1.5522978825612204,3.101141146780754
14,neural,TSAL20250804_0830_staticAndStaticFree001,TSAL20250829_0830_interferenceAndInterferenceFree001,20250804,20250829,70,95,40,0.5714285714285714,0.42105263157894735,adaptive,adaptive,True,0.1,40,0.5705521891726922,0.8623892010399029,0.4073258178743974,0.6370893658143165,0.6370880085829448,2.13036489111532e-06,0.291846946735537,0.0217902424572811,3.80318484027354,1.7066157425394428,0.7610326603376673,5.547690677067235,1.3741947399487933,1.2058841444727655,2.096569097734097,4.173495937118443
14,position,TSAL20250804_0830_staticAndStaticFree001,TSAL20250829_0830_interferenceAndInterferenceFree001,20250804,20250829,70,95,40,0.5714285714285714,0.42105263157894735,adaptive,adaptive,True,0.1,40,0.5705521891726922,0.8623892010399029,0.4073258178743974,0.5835459021140006,0.9345146649732914,0.46239098817077606,0.291846946735537,0.35102768634066883,3.80318484027354,1.7066157425394428,0.7610326603376673,2.8110149422962714,2.8110512995894315,1.29337832732115e-05,2.096569097734097,0.4183732665893585
14,joint,TSAL20250804_0830_staticAndStaticFree001,TSAL20250829_0830_interferenceAndInterferenceFree001,20250804,20250829,70,95,40,0.5714285714285714,0.42105263157894735,joint,joint,True,0.1,40,0.5705521891726922,0.8623892010399029,0.4073258178743974,0.6440157535135413,0.7057986578513898,0.0915428133196084,0.291846946735537,0.06733498576576565,3.80318484027354,1.7066157425394428,0.7610326603376673,2.651071168659906,2.4287578328695654,0.08752788163672633,2.096569097734097,0.5902313191442101
15,neural,TSAL20250804_0830_staticAndStaticFree001,TSAL20250830_0830_interferenceAndInterferenceFree001,20250804,20250830,70,79,40,0.5714285714285714,0.5063291139240507,adaptive,adaptive,True,0.1,40,0.5705521891726922,0.7607158166146287,0.2856879705893216,0.6298477393579455,0.6298454373419498,3.6548836467386205e-06,0.19018681451307556,0.01707919256835986,3.80318484027354,2.6436476124827157,0.3597230845653759,3.076358265728573,1.5814704917367497,0.6418818088131281,1.756041745639633,1.9430234537363806
15,position,TSAL20250804_0830_staticAndStaticFree001,TSAL20250830_0830_interferenceAndInterferenceFree001,20250804,20250830,70,79,40,0.5714285714285714,0.5063291139240507,adaptive,adaptive,True,0.1,40,0.5705521891726922,0.7607158166146287,0.2856879705893216,0.5932446637000194,0.737101265982548,0.21626946656927662,0.19018681451307556,0.14385660228252853,3.80318484027354,2.6436476124827157,0.3597230845653759,3.3497936506261174,3.3497823867139407,3.3625746208365366e-06,1.756041745639633,2.6869121386355554
15,joint,TSAL20250804_0830_staticAndStaticFree001,TSAL20250830_0830_interferenceAndInterferenceFree001,20250804,20250830,70,79,40,0.5714285714285714,0.5063291139240507,joint,joint,True,0.1,40,0.5705521891726922,0.7607158166146287,0.2856879705893216,0.6337011310073551,0.6336364616589578,0.00010205544090469583,0.19018681451307556,0.009723245966170324,3.80318484027354,2.6436476124827157,0.3597230845653759,2.5936922824732935,2.5940058764346885,0.00012089907769845133,1.756041745639633,1.5036989451462686
16,neural,TSAL20250805_0830_staticAndStaticFree001,TSAL20250828_0830_interferenceAndInterferenceFree001,20250805,20250828,78,90,40,0.5128205128205128,0.4444444444444444,adaptive,adaptive,True,0.1,40,0.6305229829874469,0.8688595485308579,0.31791295487758764,0.736136418344083,0.7361364673403983,6.655874152634068e-08,0.23839523740606705,0.021856893079494996,3.3573390704221153,3.269424634620207,0.02653314339094785,4.299151216262797,2.6463070873383434,0.475949622523102,0.32223888989035365,1.658874661735477
16,position,TSAL20250805_0830_staticAndStaticFree001,TSAL20250828_0830_interferenceAndInterferenceFree001,20250805,20250828,78,90,40,0.5128205128205128,0.4444444444444444,adaptive,adaptive,True,0.1,40,0.6305229829874469,0.8688595485308579,0.31791295487758764,0.6599425858497197,0.8780721397584491,0.28365080031659085,0.23839523740606705,0.21814770199575756,3.3573390704221153,3.269424634620207,0.02653314339094785,4.948950193276679,4.948694405054698,5.1686685542185966e-05,0.32223888989035365,0.6474222071693061
16,joint,TSAL20250805_0830_staticAndStaticFree001,TSAL20250828_0830_interferenceAndInterferenceFree001,20250805,20250828,78,90,40,0.5128205128205128,0.4444444444444444,joint,joint,True,0.1,40,0.6305229829874469,0.8688595485308579,0.31791295487758764,0.7318454222985965,0.7319058611991028,8.258083348956756e-05,0.23839523740606705,0.026137053967544933,3.3573390704221153,3.269424634620207,0.02653314339094785,3.456176993807138,3.4574480530914316,0.0003676969102811526,0.32223888989035365,0.6033702555277569
17,neural,TSAL20250805_0830_staticAndStaticFree001,TSAL20250829_0830_interferenceAndInterferenceFree001,20250805,20250829,78,95,40,0.5128205128205128,0.42105263157894735,adaptive,adaptive,True,0.1,40,0.6305229829874469,0.8623892010399029,0.3106227151646158,0.7337684436671593,0.7337658740872393,3.501900962692542e-06,0.231873109959431,0.022272964921719186,3.3573390704221153,1.7066157425394428,0.6519502597683244,4.04038315982948,1.3830557377392638,0.9799418679839689,1.650724072560127,2.6573274220902148
17,position,TSAL20250805_0830_staticAndStaticFree001,TSAL20250829_0830_interferenceAndInterferenceFree001,20250805,20250829,78,95,40,0.5128205128205128,0.42105263157894735,adaptive,adaptive,True,0.1,40,0.6305229829874469,0.8623892010399029,0.3106227151646158,0.6367647955400397,0.9207834039622314,0.3646996073867279,0.231873109959431,0.2840270354948135,3.3573390704221153,1.7066157425394428,0.6519502597683244,2.708598628583866,2.70850610142901,3.416110984288554e-05,1.650724072560127,0.6588911177143426
17,joint,TSAL20250805_0830_staticAndStaticFree001,TSAL20250829_0830_interferenceAndInterferenceFree001,20250805,20250829,78,95,40,0.5128205128205128,0.42105263157894735,joint,joint,True,0.1,40,0.6305229829874469,0.8623892010399029,0.3106227151646158,0.7264761176630463,0.7267300985168,0.00034954550968186766,0.231873109959431,0.015303180393075697,3.3573390704221153,1.7066157425394428,0.6519502597683244,2.533413204627242,2.532232633084103,0.0004661089941781641,1.650724072560127,0.8013346240951527
18,neural,TSAL20250805_0830_staticAndStaticFree001,TSAL20250830_0830_interferenceAndInterferenceFree001,20250805,20250830,78,79,40,0.5128205128205128,0.5063291139240507,adaptive,adaptive,True,0.1,40,0.6305229829874469,0.7607158166146287,0.1871610160159705,0.6997027650308436,0.699702565880617,2.846212205197945e-07,0.1302145105064805,0.03842154508500313,3.3573390704221153,2.6436476124827157,0.23785803756989207,4.2609456425817696,2.0293091236537295,0.7095536196425308,2.0392936744378893,2.4394259993891896
18,position,TSAL20250805_0830_staticAndStaticFree001,TSAL20250830_0830_interferenceAndInterferenceFree001,20250805,20250830,78,79,40,0.5128205128205128,0.5063291139240507,adaptive,adaptive,True,0.1,40,0.6305229829874469,0.7607158166146287,0.1871610160159705,0.6266665267922423,0.7664335152716737,0.20065606813472311,0.1302145105064805,0.13976698847943153,3.3573390704221153,2.6436476124827157,0.23785803756989207,4.178144069977463,4.178457416971161,7.499388218700906e-05,2.0392936744378893,3.759940176843613
18,joint,TSAL20250805_0830_staticAndStaticFree001,TSAL20250830_0830_interferenceAndInterferenceFree001,20250805,20250830,78,79,40,0.5128205128205128,0.5063291139240507,joint,joint,True,0.1,40,0.6305229829874469,0.7607158166146287,0.1871610160159705,0.694360320409879,0.69454948520375,0.00027239320092122785,0.1302145105064805,0.023295983170157814,3.3573390704221153,2.6436476124827157,0.23785803756989207,3.9393368555251485,3.939826818462985,0.00012436927524531053,2.0392936744378893,2.5515338647053443
19,neural,TSAL20250806_0830_staticAndStaticFree001,TSAL20250828_0830_interferenceAndInterferenceFree001,20250806,20250828,100,90,40,0.4,0.4444444444444444,adaptive,adaptive,True,0.1,40,0.583121467462783,0.8688595485308579,0.39358376992626776,0.6864127398609406,0.6864107232602233,2.937887895240358e-06,0.28573808106807486,0.0239407682996485,3.105854038146291,3.269424634620207,0.05131402245133104,3.440982008397913,2.510690497911605,0.3126151546477339,0.6205990452066605,0.9458789331409646
19,position,TSAL20250806_0830_staticAndStaticFree001,TSAL20250828_0830_interferenceAndInterferenceFree001,20250806,20250828,100,90,40,0.4,0.4444444444444444,adaptive,adaptive,True,0.1,40,0.583121467462783,0.8688595485308579,0.39358376992626776,0.5706153558236123,0.8199089728575945,0.35856059745522867,0.28573808106807486,0.24984978093967414,3.105854038146291,3.269424634620207,0.05131402245133104,3.885550386458066,3.886066359659108,0.00013278400567032797,0.6205990452066605,1.1675750675075038
19,joint,TSAL20250806_0830_staticAndStaticFree001,TSAL20250828_0830_interferenceAndInterferenceFree001,20250806,20250828,100,90,40,0.4,0.4444444444444444,joint,joint,True,0.1,40,0.583121467462783,0.8688595485308579,0.39358376992626776,0.6928783840664522,0.6927793782483324,0.00014290082416085583,0.28573808106807486,0.027502120393181978,3.105854038146291,3.269424634620207,0.05131402245133104,3.214065037706318,3.21308729864223,0.00030425264967141473,0.6205990452066605,0.6369538263288586
20,neural,TSAL20250806_0830_staticAndStaticFree001,TSAL20250829_0830_interferenceAndInterferenceFree001,20250806,20250829,100,95,40,0.4,0.42105263157894735,adaptive,adaptive,True,0.1,40,0.583121467462783,0.8623892010399029,0.3863931822328172,0.679890078348703,0.6798890715907489,1.4807668644703196e-06,0.27926773357711987,0.0059887475790362564,3.105854038146291,1.7066157425394428,0.5815052808113298,3.551172934949158,1.405486043110531,0.8657795104873516,1.4493436788938967,2.1456868918386274
20,position,TSAL20250806_0830_staticAndStaticFree001,TSAL20250829_0830_interferenceAndInterferenceFree001,20250806,20250829,100,95,40,0.4,0.42105263157894735,adaptive,adaptive,True,0.1,40,0.583121467462783,0.8623892010399029,0.3863931822328172,0.5756900642486891,0.9243036911644315,0.4648201042940063,0.27926773357711987,0.3486136269157423,3.105854038146291,1.7066157425394428,0.5815052808113298,2.409606415996059,2.409541130226015,2.709432297645951e-05,1.4493436788938967,1.2865553536202363
20,joint,TSAL20250806_0830_staticAndStaticFree001,TSAL20250829_0830_interferenceAndInterferenceFree001,20250806,20250829,100,95,40,0.4,0.42105263157894735,joint,joint,True,0.1,40,0.583121467462783,0.8623892010399029,0.3863931822328172,0.6838909472164104,0.6838874695948616,5.085065689147732e-06,0.27926773357711987,0.03976688226639851,3.105854038146291,1.7066157425394428,0.5815052808113298,2.4277491708565275,2.4263980474844153,0.0005566882549450046,1.4493436788938967,1.136408468347342
21,neural,TSAL20250806_0830_staticAndStaticFree001,TSAL20250830_0830_interferenceAndInterferenceFree001,20250806,20250830,100,79,40,0.4,0.5063291139240507,adaptive,adaptive,True,0.1,40,0.583121467462783,0.7607158166146287,0.2643093047887416,0.6665953428155779,0.6665920479586108,4.942826477118967e-06,0.1775966022084416,0.025290749943958354,3.105854038146291,2.6436476124827157,0.16078138724006066,3.775399701005574,1.279906914879062,0.9872765296907007,2.2697591592219264,2.495492786126512
21,position,TSAL20250806_0830_staticAndStaticFree001,TSAL20250830_0830_interferenceAndInterferenceFree001,20250806,20250830,100,79,40,0.4,0.5063291139240507,adaptive,adaptive,True,0.1,40,0.583121467462783,0.7607158166146287,0.2643093047887416,0.6015832533897882,0.7580672440534815,0.23018266967570084,0.1775966022084416,0.15648399066369315,3.105854038146291,2.6436476124827157,0.16078138724006066,3.561730215069731,3.5737683139689755,0.0033741437547086467,2.2697591592219264,3.8668878062813485
21,joint,TSAL20250806_0830_staticAndStaticFree001,TSAL20250830_0830_interferenceAndInterferenceFree001,20250806,20250830,100,79,40,0.4,0.5063291139240507,joint,joint,True,0.1,40,0.583121467462783,0.7607158166146287,0.2643093047887416,0.6636877914786428,0.6632987660618984,0.0005863290996185745,0.1775966022084416,0.012061931304037337,3.105854038146291,2.6436476124827157,0.16078138724006066,3.284405655845566,3.2871239307586726,0.0008272883435381012,2.2697591592219264,3.6739789314235787
22,neural,TSAL20250807_0830_staticAndStaticFree001,TSAL20250828_0830_interferenceAndInterferenceFree001,20250807,20250828,96,90,40,0.4166666666666667,0.4444444444444444,adaptive,adaptive,True,0.1,40,0.5640571957575141,0.8688595485308579,0.42542925677753524,0.670118394087092,0.6786289350743886,0.012619918947439425,0.3048023527733439,0.038796256556716764,3.2137091442087673,3.269424634620207,0.017187826847991815,3.8365271130175502,2.6718999739127667,0.3578828259268637,0.25562102998674047,1.1646271391047842
22,position,TSAL20250807_0830_staticAndStaticFree001,TSAL20250828_0830_interferenceAndInterferenceFree001,20250807,20250828,96,90,40,0.4166666666666667,0.4444444444444444,adaptive,adaptive,True,0.1,40,0.5640571957575141,0.8688595485308579,0.42542925677753524,0.5781789632686039,0.8937658659865962,0.4288026241821556,0.3048023527733439,0.3156550703681263,3.2137091442087673,3.269424634620207,0.017187826847991815,5.094004374709072,5.093962687443216,8.183627921422846e-06,0.25562102998674047,0.49427046074661274
22,joint,TSAL20250807_0830_staticAndStaticFree001,TSAL20250828_0830_interferenceAndInterferenceFree001,20250807,20250828,96,90,40,0.4166666666666667,0.4444444444444444,joint,joint,True,0.1,40,0.5640571957575141,0.8688595485308579,0.42542925677753524,0.6662010530427878,0.6786289350743886,0.018482458216150337,0.3048023527733439,0.034284087160181095,3.2137091442087673,3.269424634620207,0.017187826847991815,2.706661786524254,2.6718999739127667,0.01292606245304618,0.25562102998674047,0.42061076910063216
23,neural,TSAL20250807_0830_staticAndStaticFree001,TSAL20250829_0830_interferenceAndInterferenceFree001,20250807,20250829,96,95,40,0.4166666666666667,0.42105263157894735,adaptive,adaptive,True,0.1,40,0.5640571957575141,0.8623892010399029,0.41828701863902945,0.662501125880073,0.6624985978968214,3.815824571517941e-06,0.29833200528238885,0.01167298941415657,3.2137091442087673,1.7066157425394428,0.6125991418690022,3.7589847289148945,1.3408424197878166,0.9483232425797815,1.5070934016693243,2.418142309127078
23,position,TSAL20250807_0830_staticAndStaticFree001,TSAL20250829_0830_interferenceAndInterferenceFree001,20250807,20250829,96,95,40,0.4166666666666667,0.42105263157894735,adaptive,adaptive,True,0.1,40,0.5640571957575141,0.8623892010399029,0.41828701863902945,0.5898122799094991,0.8771343845431196,0.39172808609348153,0.29833200528238885,0.28732210463362073,3.2137091442087673,1.7066157425394428,0.6125991418690022,2.5596761177074887,2.5597847834844383,4.2452039012259344e-05,1.5070934016693243,0.9900838584159661
23,joint,TSAL20250807_0830_staticAndStaticFree001,TSAL20250829_0830_interferenceAndInterferenceFree001,20250807,20250829,96,95,40,0.4166666666666667,0.42105263157894735,joint,joint,True,0.1,40,0.5640571957575141,0.8623892010399029,0.41828701863902945,0.6481717077094213,0.6480724579971868,0.00015313428574687408,0.29833200528238885,0.009543421320476036,3.2137091442087673,1.7066157425394428,0.6125991418690022,2.1072016116856975,2.108156064699777,0.00045284556488581077,1.5070934016693243,0.7769140787033253
24,neural,TSAL20250807_0830_staticAndStaticFree001,TSAL20250830_0830_interferenceAndInterferenceFree001,20250807,20250830,96,79,40,0.4166666666666667,0.5063291139240507,adaptive,adaptive,True,0.1,40,0.5640571957575141,0.7607158166146287,0.29689406263640145,0.64879867198943,0.6487922350115856,9.921428717918822e-06,0.19665862085711464,0.01883276723077507,3.2137091442087673,2.6436476124827157,0.19464804873796002,3.2691283621485256,1.5409058635973332,0.7185905203338584,1.9023467931168458,2.4684448097952423
24,position,TSAL20250807_0830_staticAndStaticFree001,TSAL20250830_0830_interferenceAndInterferenceFree001,20250807,20250830,96,79,40,0.4166666666666667,0.5063291139240507,adaptive,adaptive,True,0.1,40,0.5640571957575141,0.7607158166146287,0.29689406263640145,0.5843716888823445,0.7798053902552289,0.28652248210538284,0.19665862085711464,0.19543370137288416,3.2137091442087673,2.6436476124827157,0.19464804873796002,4.08524521391411,4.084879930089307,8.941939526379705e-05,1.9023467931168458,3.6919830553826922
24,joint,TSAL20250807_0830_staticAndStaticFree001,TSAL20250830_0830_interferenceAndInterferenceFree001,20250807,20250830,96,79,40,0.4166666666666667,0.5063291139240507,joint,joint,True,0.1,40,0.5640571957575141,0.7607158166146287,0.29689406263640145,0.6520082483800103,0.6517525091081007,0.0003923101235265015,0.19665862085711464,0.013664511025105843,3.2137091442087673,2.6436476124827157,0.19464804873796002,3.4609324784852813,3.459662700278185,0.00036695635976302275,1.9023467931168458,3.6046130533263314
25,neural,TSAL20250808_0830_staticAndStaticFree001,TSAL20250828_0830_interferenceAndInterferenceFree001,20250808,20250828,62,90,40,0.6451612903225806,0.4444444444444444,adaptive,adaptive,False,0.1,40,0.5034286108365894,0.8688595485308579,0.532586301499115,0.5524463243532246,0.6786289350743886,0.2049957705751189,0.36543093769426843,0.1261826107211641,3.0664213433139365,3.269424634620207,0.06408087949526242,3.4759558256383736,2.6718999739127667,0.26157277527046474,0.5135807101070695,0.8461010290170132
25,position,TSAL20250808_0830_staticAndStaticFree001,TSAL20250828_0830_interferenceAndInterferenceFree001,20250808,20250828,62,90,40,0.6451612903225806,0.4444444444444444,adaptive,adaptive,True,0.1,40,0.5034286108365894,0.8688595485308579,0.532586301499115,0.5109309620880643,0.8664292828876479,0.5162023836485164,0.36543093769426843,0.35549832079958354,3.0664213433139365,3.269424634620207,0.06408087949526242,3.8322897655590746,3.8321955619864605,2.458183911594892e-05,0.5135807101070695,1.2255209939829081
25,joint,TSAL20250808_0830_staticAndStaticFree001,TSAL20250828_0830_interferenceAndInterferenceFree001,20250808,20250828,62,90,40,0.6451612903225806,0.4444444444444444,joint,joint,False,0.1,40,0.5034286108365894,0.8688595485308579,0.532586301499115,0.5503590842434207,0.6786289350743886,0.20874060416336412,0.36543093769426843,0.12826985083096798,3.0664213433139365,3.269424634620207,0.06408087949526242,3.064726041200623,2.6718999739127667,0.13695369586685247,0.5135807101070695,0.4577094131370942
26,neural,TSAL20250808_0830_staticAndStaticFree001,TSAL20250829_0830_interferenceAndInterferenceFree001,20250808,20250829,62,95,40,0.6451612903225806,0.42105263157894735,adaptive,adaptive,False,0.1,40,0.5034286108365894,0.8623892010399029,0.5256346594428122,0.5524463243532246,0.6122997163585372,0.10277500830779716,0.35896059020331356,0.05985339200531254,3.0664213433139365,1.7066157425394428,0.5697863127042399,3.4759558256383736,1.3042296530032362,0.9086367808691302,1.443504980257921,2.1717425728926854
26,position,TSAL20250808_0830_staticAndStaticFree001,TSAL20250829_0830_interferenceAndInterferenceFree001,20250808,20250829,62,95,40,0.6451612903225806,0.42105263157894735,adaptive,adaptive,True,0.1,40,0.5034286108365894,0.8623892010399029,0.5256346594428122,0.5070559239623063,0.8626258235820171,0.5192007563175979,0.35896059020331356,0.35556989961971097,3.0664213433139365,1.7066157425394428,0.5697863127042399,2.8098053005179793,2.8097677505771177,1.3363983534038584e-05,1.443504980257921,0.6743056023292281
26,joint,TSAL20250808_0830_staticAndStaticFree001,TSAL20250829_0830_interferenceAndInterferenceFree001,20250808,20250829,62,95,40,0.6451612903225806,0.42105263157894735,joint,joint,False,0.1,40,0.5034286108365894,0.8623892010399029,0.5256346594428122,0.545963933260483,0.6484509066942472,0.17161034844082915,0.35896059020331356,0.1024869734337643,3.0664213433139365,1.7066157425394428,0.5697863127042399,2.413017973164468,2.084600287693236,0.14604071151587786,1.443504980257921,1.017906295599481
27,neural,TSAL20250808_0830_staticAndStaticFree001,TSAL20250830_0830_interferenceAndInterferenceFree001,20250808,20250830,62,79,40,0.6451612903225806,0.5063291139240507,adaptive,adaptive,True,0.1,40,0.5034286108365894,0.7607158166146287,0.4070534983044376,0.5524463243532246,0.5947430319594136,0.07373971415170985,0.25728720577803943,0.04329972573219943,3.0664213433139365,2.6436476124827157,0.14808007892865685,3.4759558256383736,0.7777521746477718,1.2686360468603366,2.228184342612057,2.6982036509906013
27,position,TSAL20250808_0830_staticAndStaticFree001,TSAL20250830_0830_interferenceAndInterferenceFree001,20250808,20250830,62,79,40,0.6451612903225806,0.5063291139240507,adaptive,adaptive,True,0.1,40,0.5034286108365894,0.7607158166146287,0.4070534983044376,0.5175488835840851,0.7716333748853546,0.39417931736498923,0.25728720577803943,0.2540844913012694,3.0664213433139365,2.6436476124827157,0.14808007892865685,4.152864699433394,4.152810441424027,1.3065285710560961e-05,2.228184342612057,3.4867995844362416
27,joint,TSAL20250808_0830_staticAndStaticFree001,TSAL20250830_0830_interferenceAndInterferenceFree001,20250808,20250830,62,79,40,0.6451612903225806,0.5063291139240507,joint,joint,False,0.1,40,0.5034286108365894,0.7607158166146287,0.4070534983044376,0.5509587506712179,0.6135465681367333,0.10749254031674757,0.25728720577803943,0.06258781746551527,3.0664213433139365,2.6436476124827157,0.14808007892865685,3.2489832750556835,3.000483900355864,0.07952657969867805,2.228184342612057,3.025578818474113
28,neural,TSAL20250809_0830_staticAndStaticFree001,TSAL20250828_0830_interferenceAndInterferenceFree001,20250809,20250828,61,90,40,0.6557377049180327,0.4444444444444444,adaptive,adaptive,False,0.1,40,0.5157905404120591,0.8688595485308579,0.5099757851289956,0.5668117563805185,0.6786289350743886,0.17956243032857191,0.3530690081187989,0.11181717869387013,3.0955181681951185,3.269424634620207,0.05464509951233704,3.8167975601714184,2.6718999739127667,0.3528897996076011,0.18321509148591655,1.1498431305643038
28,position,TSAL20250809_0830_staticAndStaticFree001,TSAL20250828_0830_interferenceAndInterferenceFree001,20250809,20250828,61,90,40,0.6557377049180327,0.4444444444444444,adaptive,adaptive,True,0.1,40,0.5157905404120591,0.8688595485308579,0.5099757851289956,0.5542613870496526,0.8658107209861086,0.43877959742113376,0.3530690081187989,0.31154933393645606,3.0955181681951185,3.269424634620207,0.05464509951233704,4.258375619294362,4.258404167378849,6.703962108345417e-06,0.18321509148591655,0.6042631705708109
28,joint,TSAL20250809_0830_staticAndStaticFree001,TSAL20250828_0830_interferenceAndInterferenceFree001,20250809,20250828,61,90,40,0.6557377049180327,0.4444444444444444,joint,joint,False,0.1,40,0.5157905404120591,0.8688595485308579,0.5099757851289956,0.5668117563805185,0.6829474759984254,0.18585294928662385,0.3530690081187989,0.11613571961790686,3.0955181681951185,3.269424634620207,0.05464509951233704,3.8167975601714184,3.1874371562027854,0.17970854189033408,0.18321509148591655,0.6817929093440206
29,neural,TSAL20250809_0830_staticAndStaticFree001,TSAL20250829_0830_interferenceAndInterferenceFree001,20250809,20250829,61,95,40,0.6557377049180327,0.42105263157894735,adaptive,adaptive,True,0.1,40,0.5157905404120591,0.8623892010399029,0.5029803445850825,0.5668117563805185,0.6122997163585372,0.07715633513827312,0.3465986606278438,0.04578576565036001,3.0955181681951185,1.7066157425394428,0.5784521845802594,3.8167975601714184,1.3042296530032362,0.9812749679221399,1.4066280429981415,2.5125679071681826
29,position,TSAL20250809_0830_staticAndStaticFree001,TSAL20250829_0830_interferenceAndInterferenceFree001,20250809,20250829,61,95,40,0.6557377049180327,0.42105263157894735,adaptive,adaptive,True,0.1,40,0.5157905404120591,0.8623892010399029,0.5029803445850825,0.506354505688926,0.9089318441264382,0.5688987793742682,0.3465986606278438,0.4025773384375122,3.0955181681951185,1.7066157425394428,0.5784521845802594,2.9869654328239905,2.98696561222872,6.006253769642946e-08,1.4066280429981415,0.7245766388179851
29,joint,TSAL20250809_0830_staticAndStaticFree001,TSAL20250829_0830_interferenceAndInterferenceFree001,20250809,20250829,61,95,40,0.6557377049180327,0.42105263157894735,joint,joint,False,0.1,40,0.5157905404120591,0.8623892010399029,0.5029803445850825,0.5538152371260877,0.6361283627979948,0.13834794468772907,0.3465986606278438,0.08231312567190713,3.0955181681951185,1.7066157425394428,0.5784521845802594,2.267898731028451,2.0202392899344197,0.11550908104325476,1.4066280429981415,0.9913453835152153
30,neural,TSAL20250809_0830_staticAndStaticFree001,TSAL20250830_0830_interferenceAndInterferenceFree001,20250809,20250830,61,79,40,0.6557377049180327,0.5063291139240507,adaptive,adaptive,True,0.1,40,0.5157905404120591,0.7607158166146287,0.383743135871354,0.5668117563805185,0.5947430319594136,0.04809291108655119,0.2449252762025696,0.03398073566273923,3.0955181681951185,2.6436476124827157,0.1574690723288477,3.8167975601714184,0.7777521746477718,1.322891495761877,1.850778059922432,3.039045385523647
30,position,TSAL20250809_0830_staticAndStaticFree001,TSAL20250830_0830_interferenceAndInterferenceFree001,20250809,20250830,61,79,40,0.6557377049180327,0.5063291139240507,adaptive,adaptive,True,0.1,40,0.5157905404120591,0.7607158166146287,0.383743135871354,0.5439498880191678,0.7709309594405028,0.3452496427487844,0.2449252762025696,0.22698107142133495,3.0955181681951185,2.6436476124827157,0.1574690723288477,4.249403902481676,4.249925737016856,0.0001227942807993997,1.850778059922432,2.928889158367853
30,joint,TSAL20250809_0830_staticAndStaticFree001,TSAL20250830_0830_interferenceAndInterferenceFree001,20250809,20250830,61,79,40,0.6557377049180327,0.5063291139240507,joint,joint,True,0.1,40,0.5157905404120591,0.7607158166146287,0.383743135871354,0.5628355750129796,0.6140595638206564,0.08704936764110076,0.2449252762025696,0.051223988807676854,3.0955181681951185,2.6436476124827157,0.1574690723288477,3.2269783837778214,2.994163876199821,0.0748462252907353,1.850778059922432,3.130551295922185
31,neural,TSAL20250810_0830_staticAndStaticFree001,TSAL20250828_0830_interferenceAndInterferenceFree001,20250810,20250828,83,90,40,0.4819277108433735,0.4444444444444444,adaptive,adaptive,False,0.1,40,0.5115709960497055,0.8688595485308579,0.5176479959586996,0.5862112250033015,0.6786289350743886,0.14613342142047506,0.35728855248115243,0.09241771007108732,2.592911719242943,3.269424634620207,0.23079976123562307,3.495149634645113,2.6718999739127667,0.26698331065472236,0.6765129153772634,0.9921124270795368
31,position,TSAL20250810_0830_staticAndStaticFree001,TSAL20250828_0830_interferenceAndInterferenceFree001,20250810,20250828,83,90,40,0.4819277108433735,0.4444444444444444,adaptive,adaptive,True,0.1,40,0.5115709960497055,0.8688595485308579,0.5176479959586996,0.5321086948236214,0.8982882176394912,0.5119970822438599,0.35728855248115243,0.3661795228158698,2.592911719242943,3.269424634620207,0.23079976123562307,3.821857655878217,3.821858325976452,1.7533310663800196e-07,0.6765129153772634,0.1928626687280375
31,joint,TSAL20250810_0830_staticAndStaticFree001,TSAL20250828_0830_interferenceAndInterferenceFree001,20250810,20250828,83,90,40,0.4819277108433735,0.4444444444444444,joint,joint,False,0.1,40,0.5115709960497055,0.8688595485308579,0.5176479959586996,0.5857207713090398,0.6818158376975892,0.15162491671756823,0.35728855248115243,0.09609506638854941,2.592911719242943,3.269424634620207,0.23079976123562307,3.3907612409511283,2.964576820098603,0.13411856828340968,0.6765129153772634,1.025777312738642
32,neural,TSAL20250810_0830_staticAndStaticFree001,TSAL20250829_0830_interferenceAndInterferenceFree001,20250810,20250829,83,95,40,0.4819277108433735,0.42105263157894735,adaptive,adaptive,True,0.1,40,0.5115709960497055,0.8623892010399029,0.5106672023444612,0.5862112250033015,0.6122997163585372,0.04353484053402467,0.35081820499019745,0.026088491355235784,2.592911719242943,1.7066157425394428,0.41227599292322353,3.495149634645113,1.3042296530032362,0.9130013905258181,0.9476536022289983,2.190919981641877
32,position,TSAL20250810_0830_staticAndStaticFree001,TSAL20250829_0830_interferenceAndInterferenceFree001,20250810,20250829,83,95,40,0.4819277108433735,0.42105263157894735,adaptive,adaptive,True,0.1,40,0.5115709960497055,0.8623892010399029,0.5106672023444612,0.5227151236926009,0.8773686846151686,0.5066176164857226,0.35081820499019745,0.35465356092256767,2.592911719242943,1.7066157425394428,0.41227599292322353,2.682683973519019,2.6826216862094125,2.3218550277230443e-05,0.9476536022289983,0.7045751414291974
32,joint,TSAL20250810_0830_staticAndStaticFree001,TSAL20250829_0830_interferenceAndInterferenceFree001,20250810,20250829,83,95,40,0.4819277108433735,0.42105263157894735,joint,joint,False,0.1,40,0.5115709960497055,0.8623892010399029,0.5106672023444612,0.5668183342530302,0.6363392881608066,0.1155641665109513,0.35081820499019745,0.06952095390777632,2.592911719242943,1.7066157425394428,0.41227599292322353,2.2989571890927083,2.1554181006425392,0.06444858329783905,0.9476536022289983,0.8930020319482681
33,neural,TSAL20250810_0830_staticAndStaticFree001,TSAL20250830_0830_interferenceAndInterferenceFree001,20250810,20250830,83,79,40,0.4819277108433735,0.5063291139240507,adaptive,adaptive,True,0.1,40,0.5115709960497055,0.7607158166146287,0.3916488296269951,0.5862112250033015,0.5947430319594136,0.014449004956474745,0.24914482056492318,0.011840086691965866,2.592911719242943,2.6436476124827157,0.019377568371044603,3.495149634645113,0.7777521746477718,1.2719213224546524,1.9149396845054747,2.7173974599973407
33,position,TSAL20250810_0830_staticAndStaticFree001,TSAL20250830_0830_interferenceAndInterferenceFree001,20250810,20250830,83,79,40,0.4819277108433735,0.5063291139240507,adaptive,adaptive,True,0.1,40,0.5115709960497055,0.7607158166146287,0.3916488296269951,0.550991580428255,0.7817362689698193,0.3462742804478498,0.24914482056492318,0.2307446885415643,2.592911719242943,2.6436476124827157,0.019377568371044603,4.311028563768682,4.310839226453762,4.3920254758368006e-05,1.9149396845054747,3.390820579966114
33,joint,TSAL20250810_0830_staticAndStaticFree001,TSAL20250830_0830_interferenceAndInterferenceFree001,20250810,20250830,83,79,40,0.4819277108433735,0.5063291139240507,joint,joint,True,0.1,40,0.5115709960497055,0.7607158166146287,0.3916488296269951,0.5827466225822999,0.6130765691154505,0.05072647318386614,0.24914482056492318,0.030330662741349056,2.592911719242943,2.6436476124827157,0.019377568371044603,3.1408744730109097,3.002730589226008,0.04497160295476504,1.9149396845054747,3.3286074489269835
34,neural,TSAL20250811_0830_staticAndStaticFree001,TSAL20250828_0830_interferenceAndInterferenceFree001,20250811,20250828,86,90,40,0.46511627906976744,0.4444444444444444,adaptive,adaptive,False,0.1,40,0.514410950145457,0.8688595485308579,0.5124790830493116,0.6076228700233562,0.6786289350743886,0.11040772074273039,0.35444859838540094,0.07168804297848136,2.062476061429015,3.269424634620207,0.45272732633055396,2.925287614691151,2.6718999739127667,0.09054105718889638,1.2069485731911918,0.6292363641633536
34,position,TSAL20250811_0830_staticAndStaticFree001,TSAL20250828_0830_interferenceAndInterferenceFree001,20250811,20250828,86,90,40,0.46511627906976744,0.4444444444444444,adaptive,adaptive,True,0.1,40,0.514410950145457,0.8688595485308579,0.5124790830493116,0.5326299260401491,0.8761833374377692,0.4877202966552066,0.35444859838540094,0.3435534113976201,2.062476061429015,3.269424634620207,0.45272732633055396,2.9225954460798373,2.9226109099600004,5.2911323300222255e-06,1.2069485731911918,0.5535177939317371
34,joint,TSAL20250811_0830_staticAndStaticFree001,TSAL20250828_0830_interferenceAndInterferenceFree001,20250811,20250828,86,90,40,0.46511627906976744,0.4444444444444444,joint,joint,False,0.1,40,0.514410950145457,0.8688595485308579,0.5124790830493116,0.6076228700233562,0.6786289350743886,0.11040772074273039,0.35444859838540094,0.07168804297848136,2.062476061429015,3.269424634620207,0.45272732633055396,2.925287614691151,2.6718999739127667,0.09054105718889638,1.2069485731911918,0.6292363641633536
35,neural,TSAL20250811_0830_staticAndStaticFree001,TSAL20250829_0830_interferenceAndInterferenceFree001,20250811,20250829,86,95,40,0.46511627906976744,0.42105263157894735,adaptive,adaptive,True,0.1,40,0.514410950145457,0.8623892010399029,0.5054883972737119,0.6076228700233562,0.6122997163585372,0.007667447733797228,0.3479782508944459,0.013474089864818043,2.062476061429015,1.7066157425394428,0.18883080455344103,2.925287614691151,1.3042296530032362,0.7665451440852459,0.3823811289861475,1.6210689656630024
35,position,TSAL20250811_0830_staticAndStaticFree001,TSAL20250829_0830_interferenceAndInterferenceFree001,20250811,20250829,86,95,40,0.46511627906976744,0.42105263157894735,adaptive,adaptive,True,0.1,40,0.514410950145457,0.8623892010399029,0.5054883972737119,0.5673530748025908,0.9072847384495196,0.46103749760391183,0.3479782508944459,0.3399316636469286,2.062476061429015,1.7066157425394428,0.18883080455344103,2.5065336385061103,2.5065581429493955,9.776179792204983e-06,0.3823811289861475,0.8684733050682935
35,joint,TSAL20250811_0830_staticAndStaticFree001,TSAL20250829_0830_interferenceAndInterferenceFree001,20250811,20250829,86,95,40,0.46511627906976744,0.42105263157894735,joint,joint,True,0.1,40,0.514410950145457,0.8623892010399029,0.5054883972737119,0.6012445689466629,0.6264677782275127,0.0410897704806928,0.3479782508944459,0.025440950815522154,2.062476061429015,1.7066157425394428,0.18883080455344103,2.048615100700161,1.9722724828008673,0.03797301780460191,0.3823811289861475,1.049895943392854
36,neural,TSAL20250811_0830_staticAndStaticFree001,TSAL20250830_0830_interferenceAndInterferenceFree001,20250811,20250830,86,79,40,0.46511627906976744,0.5063291139240507,adaptive,adaptive,True,0.1,40,0.514410950145457,0.7607158166146287,0.38632216480718545,0.6025319138096594,0.6025367720421325,8.062996790359392e-06,0.24630486646917166,0.017303116819164896,2.062476061429015,2.6436476124827157,0.24698524362009844,2.8858084945855302,1.4901999311719347,0.6378454644643526,1.7311931399269171,1.6521482611454004
36,position,TSAL20250811_0830_staticAndStaticFree001,TSAL20250830_0830_interferenceAndInterferenceFree001,20250811,20250830,86,79,40,0.46511627906976744,0.5063291139240507,adaptive,adaptive,True,0.1,40,0.514410950145457,0.7607158166146287,0.38632216480718545,0.5649097455969891,0.7824007705084242,0.32285211510130984,0.24630486646917166,0.21749102491143502,2.062476061429015,2.6436476124827157,0.24698524362009844,2.6666852387952424,2.666703041163161,6.675819191856591e-06,1.7311931399269171,2.403205552136456
36,joint,TSAL20250811_0830_staticAndStaticFree001,TSAL20250830_0830_interferenceAndInterferenceFree001,20250811,20250830,86,79,40,0.46511627906976744,0.5063291139240507,joint,joint,True,0.1,40,0.514410950145457,0.7607158166146287,0.38632216480718545,0.6013791737634544,0.6016580636102697,0.00046364291669669604,0.24630486646917166,0.011653845905995908,2.062476061429015,2.6436476124827157,0.24698524362009844,2.090180448280411,2.0906464231490314,0.00022291038732292337,1.7311931399269171,1.7715479184763363
37,neural,TSAL20250812_0830_staticAndStaticFree001,TSAL20250828_0830_interferenceAndInterferenceFree001,20250812,20250828,76,90,40,0.5263157894736842,0.4444444444444444,adaptive,adaptive,False,0.1,40,0.4996233072815026,0.8688595485308579,0.5396285962678996,0.5704784743117421,0.6786289350743886,0.1731643891469615,0.3692362412493553,0.10827568815119938,1.7866628573470282,3.269424634620207,0.5865253635855349,2.3595171938572124,2.6718999739127667,0.12417287998164875,1.482761777273179,0.6099570548679207
37,position,TSAL20250812_0830_staticAndStaticFree001,TSAL20250828_0830_interferenceAndInterferenceFree001,20250812,20250828,76,90,40,0.5263157894736842,0.4444444444444444,adaptive,adaptive,True,0.1,40,0.4996233072815026,0.8688595485308579,0.5396285962678996,0.5149751406818626,0.8628725266481587,0.5049867183655332,0.3692362412493553,0.34789738596629616,1.7866628573470282,3.269424634620207,0.5865253635855349,2.330718931791376,2.3307121920781007,2.891692742583055e-06,1.482761777273179,0.3661691236676549
37,joint,TSAL20250812_0830_staticAndStaticFree001,TSAL20250828_0830_interferenceAndInterferenceFree001,20250812,20250828,76,90,40,0.5263157894736842,0.4444444444444444,joint,joint,False,0.1,40,0.4996233072815026,0.8688595485308579,0.5396285962678996,0.5704784743117421,0.6786289350743886,0.1731643891469615,0.3692362412493553,0.10827568815119938,1.7866628573470282,3.269424634620207,0.5865253635855349,2.3595171938572124,2.6718999739127667,0.12417287998164875,1.482761777273179,0.6099570548679207
38,neural,TSAL20250812_0830_staticAndStaticFree001,TSAL20250829_0830_interferenceAndInterferenceFree001,20250812,20250829,76,95,40,0.5263157894736842,0.42105263157894735,adaptive,adaptive,True,0.1,40,0.4996233072815026,0.8623892010399029,0.5326909871121321,0.5704784743117421,0.6122997163585372,0.07071696515319577,0.3627658937584003,0.04439983804334522,1.7866628573470282,1.7066157425394428,0.04582921889492976,2.3595171938572124,1.3042296530032362,0.5760701189047911,0.3695720710790156,1.0553317995389935
38,position,TSAL20250812_0830_staticAndStaticFree001,TSAL20250829_0830_interferenceAndInterferenceFree001,20250812,20250829,76,95,40,0.5263157894736842,0.42105263157894735,adaptive,adaptive,True,0.1,40,0.4996233072815026,0.8623892010399029,0.5326909871121321,0.5239783594841314,0.9039849403179645,0.5322357806905806,0.3627658937584003,0.38000658083383304,1.7866628573470282,1.7066157425394428,0.04582921889492976,2.546681327126911,2.5467485185725653,2.6383575582654334e-05,0.3695720710790156,0.6674583720776404
38,joint,TSAL20250812_0830_staticAndStaticFree001,TSAL20250829_0830_interferenceAndInterferenceFree001,20250812,20250829,76,95,40,0.5263157894736842,0.42105263157894735,joint,joint,False,0.1,40,0.4996233072815026,0.8623892010399029,0.5326909871121321,0.5540383289647639,0.6249179641269488,0.12024132799072484,0.3627658937584003,0.07096015368151726,1.7866628573470282,1.7066157425394428,0.04582921889492976,1.71456852059619,1.5594691063633626,0.09474504077514902,0.3695720710790156,0.16098922056042514
39,neural,TSAL20250812_0830_staticAndStaticFree001,TSAL20250830_0830_interferenceAndInterferenceFree001,20250812,20250830,76,79,40,0.5263157894736842,0.5063291139240507,adaptive,adaptive,True,0.1,40,0.4996233072815026,0.7607158166146287,0.41432104166694683,0.5704784743117421,0.5947430319594136,0.04164797425567752,0.2610925093331261,0.03402991536385433,1.7866628573470282,2.6436476124827157,0.38687345321359445,2.3595171938572124,0.7777521746477718,1.008370549936683,1.7240861480792313,1.5817897366473919
39,position,TSAL20250812_0830_staticAndStaticFree001,TSAL20250830_0830_interferenceAndInterferenceFree001,20250812,20250830,76,79,40,0.5263157894736842,0.5063291139240507,adaptive,adaptive,True,0.1,40,0.4996233072815026,0.7607158166146287,0.41432104166694683,0.5414709787923174,0.7184127073411702,0.28088581588333295,0.2610925093331261,0.1771716084613528,1.7866628573470282,2.6436476124827157,0.38687345321359445,2.524835812993769,2.5247966739688397,1.5501732068826718e-05,1.7240861480792313,1.8307986780713945
39,joint,TSAL20250812_0830_staticAndStaticFree001,TSAL20250830_0830_interferenceAndInterferenceFree001,20250812,20250830,76,79,40,0.5263157894736842,0.5063291139240507,joint,joint,True,0.1,40,0.4996233072815026,0.7607158166146287,0.41432104166694683,0.5690655743079032,0.6015571231960326,0.05551156484050695,0.2610925093331261,0.03740170091388571,1.7866628573470282,2.6436476124827157,0.38687345321359445,2.184241791140743,2.0785885917625926,0.04956950658974696,1.7240861480792313,1.6699712420587114
40,neural,TSAL20250813_0830_staticAndStaticFree001,TSAL20250828_0830_interferenceAndInterferenceFree001,20250813,20250828,58,90,40,0.6896551724137931,0.4444444444444444,adaptive,adaptive,True,0.1,40,0.6651459824564661,0.8688595485308579,0.2655969120832006,0.7080893122653171,0.7080889983843233,4.4327891693101073e-07,0.20374868693389425,0.009811168452787351,1.5388619372861956,3.269424634620207,0.7198251067002744,1.7210813079859282,2.297586694996287,0.28691366720641753,1.7305626973340114,0.5765053870103586
40,position,TSAL20250813_0830_staticAndStaticFree001,TSAL20250828_0830_interferenceAndInterferenceFree001,20250813,20250828,58,90,40,0.6896551724137931,0.4444444444444444,adaptive,adaptive,True,0.1,40,0.6651459824564661,0.8688595485308579,0.2655969120832006,0.6805355093809781,0.886934037975475,0.26335252119263086,0.20374868693389425,0.2064447987571915,1.5388619372861956,3.269424634620207,0.7198251067002744,1.979488260752562,1.9794534810240383,1.757021486656557e-05,1.7305626973340114,0.340201428106937
40,joint,TSAL20250813_0830_staticAndStaticFree001,TSAL20250828_0830_interferenceAndInterferenceFree001,20250813,20250828,58,90,40,0.6896551724137931,0.4444444444444444,joint,joint,True,0.1,40,0.6651459824564661,0.8688595485308579,0.2655969120832006,0.6997751371157392,0.6997695037700752,8.0502550608065e-06,0.20374868693389425,0.01561991826580458,1.5388619372861956,3.269424634620207,0.7198251067002744,1.8632504878484444,1.8629111709559287,0.00018212676936004367,1.7305626973340114,0.09857915768048882
41,neural,TSAL20250813_0830_staticAndStaticFree001,TSAL20250829_0830_interferenceAndInterferenceFree001,20250813,20250829,58,95,40,0.6896551724137931,0.42105263157894735,adaptive,adaptive,True,0.1,40,0.6651459824564661,0.8623892010399029,0.2582503116320603,0.6904622291456938,0.6904621542013816,1.08542238958682e-07,0.19724594250928382,0.023958554929421654,1.5388619372861956,1.7066157425394428,0.10337695821852622,1.583953418332782,1.3929727741650986,0.12830727523508753,0.31429364793812486,0.30811618493470294
41,position,TSAL20250813_0830_staticAndStaticFree001,TSAL20250829_0830_interferenceAndInterferenceFree001,20250813,20250829,58,95,40,0.6896551724137931,0.42105263157894735,adaptive,adaptive,True,0.1,40,0.6651459824564661,0.8623892010399029,0.2582503116320603,0.6777228047411921,0.9103458863436219,0.2929635007708947,0.19724594250928382,0.2328862333455572,1.5388619372861956,1.7066157425394428,0.10337695821852622,1.9893577794365869,1.989290620238249,3.375980563820302e-05,0.31429364793812486,0.771949869865892
41,joint,TSAL20250813_0830_staticAndStaticFree001,TSAL20250829_0830_interferenceAndInterferenceFree001,20250813,20250829,58,95,40,0.6896551724137931,0.42105263157894735,joint,joint,True,0.1,40,0.6651459824564661,0.8623892010399029,0.2582503116320603,0.6869237808635407,0.686938552171495,2.1503330572753284e-05,0.19724594250928382,0.016072914163795343,1.5388619372861956,1.7066157425394428,0.10337695821852622,1.6294043748831042,1.629298433576402,6.502053910969796e-05,0.31429364793812486,0.293948714228109
42,neural,TSAL20250813_0830_staticAndStaticFree001,TSAL20250830_0830_interferenceAndInterferenceFree001,20250813,20250830,58,79,40,0.6896551724137931,0.5063291139240507,adaptive,adaptive,True,0.1,40,0.6651459824564661,0.7607158166146287,0.13405202975551134,0.6731920582051771,0.6731807449643238,1.680551007375895e-05,0.09558462051219695,0.028203280215698765,1.5388619372861956,2.6436476124827157,0.5282884173008336,1.4265373779981096,2.1321131560094733,0.3965412008111837,1.6654607731505726,1.152097456184895
42,position,TSAL20250813_0830_staticAndStaticFree001,TSAL20250830_0830_interferenceAndInterferenceFree001,20250813,20250830,58,79,40,0.6896551724137931,0.5063291139240507,adaptive,adaptive,True,0.1,40,0.6651459824564661,0.7607158166146287,0.13405202975551134,0.6710040969006481,0.761202027109237,0.12595663249372666,0.09558462051219695,0.09019793020858907,1.5388619372861956,2.6436476124827157,0.5282884173008336,1.9718017022732592,1.9717999171505516,9.053260851001277e-07,1.6654607731505726,1.5163154895797333
42,joint,TSAL20250813_0830_staticAndStaticFree001,TSAL20250830_0830_interferenceAndInterferenceFree001,20250813,20250830,58,79,40,0.6896551724137931,0.5063291139240507,joint,joint,True,0.1,40,0.6651459824564661,0.7607158166146287,0.13405202975551134,0.6788998850361618,0.6790452710243614,0.00021412645061653107,0.09558462051219695,0.02358241415627057,1.5388619372861956,2.6436476124827157,0.5282884173008336,2.0322006984915197,2.031756473470363,0.0002186169796382265,1.6654607731505726,1.5219973623302208
