pair_id,r1_session,r2_session,r1_date,r2_date,neural_log_ratio,movement_log_ratio,forward,reverse,gap
1,TSAL20250731_0830_staticAndStaticFree,TSAL20250828_0830_interferenceAndInterferenceFree001,20250731,20250828,0.41108161849436686,-0.8123453835517874,0.2881691001607476,0.5267315320892073,0.2385624319284596
2,TSAL20250731_0830_staticAndStaticFree,TSAL20250829_0830_interferenceAndInterferenceFree001,20250731,20250829,0.4036068086279153,-1.4624470886815826,0.3004285057435909,0.4810948464395024,0.1806663406959115
3,TSAL20250731_0830_staticAndStaticFree,TSAL20250830_0830_interferenceAndInterferenceFree001,20250731,20250830,0.2781599845082962,-1.0247997653403493,0.1763326346393967,0.396638200088085,0.2203055654486882
4,TSAL20250801_0830_staticAndStaticFree,TSAL20250828_0830_interferenceAndInterferenceFree001,20250801,20250828,0.6010956738836926,-0.18181389539631965,0.3490451918365614,0.5369631549995685,0.1879179631630072
5,TSAL20250801_0830_staticAndStaticFree,TSAL20250829_0830_interferenceAndInterferenceFree001,20250801,20250829,0.5936208640172409,-0.8319156005261146,0.3306728003514754,0.5829307822143823,0.2522579818629067
6,TSAL20250801_0830_staticAndStaticFree,TSAL20250830_0830_interferenceAndInterferenceFree001,20250801,20250830,0.4681740398976219,-0.39426827718488155,0.2973636983068314,0.5119413102449218,0.2145776119380905
7,TSAL20250802_0830_staticAndStaticFree001,TSAL20250828_0830_interferenceAndInterferenceFree001,20250802,20250828,0.35741240734745233,0.10325292169433925,0.4085948660615692,0.4921759441509506,0.0835810780893814
8,TSAL20250802_0830_staticAndStaticFree001,TSAL20250829_0830_interferenceAndInterferenceFree001,20250802,20250829,0.3499375974810008,-0.5468487834354557,0.4861904712175618,0.5185450893164265,0.0323546180988645
9,TSAL20250802_0830_staticAndStaticFree001,TSAL20250830_0830_interferenceAndInterferenceFree001,20250802,20250830,0.22449077336138173,-0.10920146009422262,0.407414501752978,0.4291824028661936,0.0217679011132155
10,TSAL20250803_1400_staticAndStaticFree001,TSAL20250828_0830_interferenceAndInterferenceFree001,20250803,20250828,0.5135636359454139,-0.29292826522512694,0.3574229572397038,0.5250598486511452,0.1676368914114414
11,TSAL20250803_1400_staticAndStaticFree001,TSAL20250829_0830_interferenceAndInterferenceFree001,20250803,20250829,0.5060888260789623,-0.9430299703549219,0.3639787050463296,0.5174275294645153,0.1534488244181856
12,TSAL20250803_1400_staticAndStaticFree001,TSAL20250830_0830_interferenceAndInterferenceFree001,20250803,20250830,0.3806420019593432,-0.5053826470136887,0.2845470911984856,0.4422569368828421,0.1577098456843564
13,TSAL20250804_0830_staticAndStaticFree001,TSAL20250828_0830_interferenceAndInterferenceFree001,20250804,20250828,0.42057684313266136,-0.15122481485868375,0.3520702430792417,0.5011487952986083,0.1490785522193667
14,TSAL20250804_0830_staticAndStaticFree001,TSAL20250829_0830_interferenceAndInterferenceFree001,20250804,20250829,0.4131020332662097,-0.8013265199884787,0.380252548883266,0.5525426957945412,0.1722901469112752
15,TSAL20250804_0830_staticAndStaticFree001,TSAL20250830_0830_interferenceAndInterferenceFree001,20250804,20250830,0.28765520914659076,-0.36367919664724563,0.3095035860016084,0.512000966483101,0.2024973804814925
16,TSAL20250805_0830_staticAndStaticFree001,TSAL20250828_0830_interferenceAndInterferenceFree001,20250805,20250828,0.3206318812146023,-0.026534700183450805,0.3999340115516377,0.5113769059743793,0.1114428944227415
17,TSAL20250805_0830_staticAndStaticFree001,TSAL20250829_0830_interferenceAndInterferenceFree001,20250805,20250829,0.3131570713481507,-0.6766364053132459,0.454391112797614,0.5359391546577936,0.0815480418601794
18,TSAL20250805_0830_staticAndStaticFree001,TSAL20250830_0830_interferenceAndInterferenceFree001,20250805,20250830,0.1877102472285316,-0.23898908197201268,0.4382488630148728,0.4595898053058826,0.0213409422910096
19,TSAL20250806_0830_staticAndStaticFree001,TSAL20250828_0830_interferenceAndInterferenceFree001,20250806,20250828,0.39878597431589125,0.05132528660361887,0.3732507842701052,0.5078509464436956,0.1346001621735902
20,TSAL20250806_0830_staticAndStaticFree001,TSAL20250829_0830_interferenceAndInterferenceFree001,20250806,20250829,0.3913111644494396,-0.5987764185261761,0.3933122447435239,0.5616029479646987,0.1682907032211748
21,TSAL20250806_0830_staticAndStaticFree001,TSAL20250830_0830_interferenceAndInterferenceFree001,20250806,20250830,0.2658643403298206,-0.16112909518494303,0.3783033248626213,0.4709628873021237,0.0926595624395024
22,TSAL20250807_0830_staticAndStaticFree001,TSAL20250828_0830_interferenceAndInterferenceFree001,20250807,20250828,0.43202583068361566,0.017188250004387336,0.412221308021009,0.4086749407907213,-0.0035463672302877
23,TSAL20250807_0830_staticAndStaticFree001,TSAL20250829_0830_interferenceAndInterferenceFree001,20250807,20250829,0.424551020817164,-0.6329134551254076,0.4390928008638252,0.5171972759009078,0.0781044750370825
24,TSAL20250807_0830_staticAndStaticFree001,TSAL20250830_0830_interferenceAndInterferenceFree001,20250807,20250830,0.2991041966975451,-0.19526613178417462,0.3789376982728419,0.4101788015513824,0.0312411032785404
25,TSAL20250808_0830_staticAndStaticFree001,TSAL20250828_0830_interferenceAndInterferenceFree001,20250808,20250828,0.5457395716774958,0.06410282127061474,0.4206814963949727,0.5235286753841851,0.1028471789892123
26,TSAL20250808_0830_staticAndStaticFree001,TSAL20250829_0830_interferenceAndInterferenceFree001,20250808,20250829,0.5382647618110441,-0.5859988838591802,0.4670756172355933,0.53978684124029,0.0727112240046967
27,TSAL20250808_0830_staticAndStaticFree001,TSAL20250830_0830_interferenceAndInterferenceFree001,20250808,20250830,0.41281793769142505,-0.1483515605179472,0.45591310075814,0.4989476755680251,0.043034574809885
28,TSAL20250809_0830_staticAndStaticFree001,TSAL20250828_0830_interferenceAndInterferenceFree001,20250809,20250828,0.5214807343216004,0.054658703524258175,0.3728237234382247,0.4819508280977707,0.109127104659546
29,TSAL20250809_0830_staticAndStaticFree001,TSAL20250829_0830_interferenceAndInterferenceFree001,20250809,20250829,0.5140059244551487,-0.5954430016055369,0.4432415087936781,0.5554772961313246,0.1122357873376465
30,TSAL20250809_0830_staticAndStaticFree001,TSAL20250830_0830_interferenceAndInterferenceFree001,20250809,20250830,0.3885591003355297,-0.15779567826430374,0.4008073496291169,0.4820837370705895,0.0812763874414723
31,TSAL20250810_0830_staticAndStaticFree001,TSAL20250828_0830_interferenceAndInterferenceFree001,20250810,20250828,0.5270669851813616,0.2418847605264707,0.3650153238037514,0.5048244659776288,0.1398091421738774
32,TSAL20250810_0830_staticAndStaticFree001,TSAL20250829_0830_interferenceAndInterferenceFree001,20250810,20250829,0.51959217531491,-0.40821694460332425,0.4550770348112521,0.5197957685562287,0.0647187337449765
33,TSAL20250810_0830_staticAndStaticFree001,TSAL20250830_0830_interferenceAndInterferenceFree001,20250810,20250830,0.3941453511952909,0.029430378737908807,0.3972901781436238,0.4307180005388519,0.0334278223952281
34,TSAL20250811_0830_staticAndStaticFree001,TSAL20250828_0830_interferenceAndInterferenceFree001,20250811,20250828,0.5241590280416668,0.46070678413266325,0.3911231247128202,0.5041535284389053,0.1130304037260851
35,TSAL20250811_0830_staticAndStaticFree001,TSAL20250829_0830_interferenceAndInterferenceFree001,20250811,20250829,0.516684218175215,-0.18939492099713173,0.4602887416016034,0.5291753375531631,0.0688865959515597
36,TSAL20250811_0830_staticAndStaticFree001,TSAL20250830_0830_interferenceAndInterferenceFree001,20250811,20250830,0.39123739405559615,0.24825240234410142,0.479617610328469,0.4947880414315475,0.0151704311030784
37,TSAL20250812_0830_staticAndStaticFree001,TSAL20250828_0830_interferenceAndInterferenceFree001,20250812,20250828,0.5533270589097432,0.6042644623816931,0.4013333862771981,0.5121643682418869,0.1108309819646887
38,TSAL20250812_0830_staticAndStaticFree001,TSAL20250829_0830_interferenceAndInterferenceFree001,20250812,20250829,0.5458522490432915,-0.045837242748101976,0.4773383712034593,0.546733548210395,0.0693951770069356
39,TSAL20250812_0830_staticAndStaticFree001,TSAL20250830_0830_interferenceAndInterferenceFree001,20250812,20250830,0.4204054249236726,0.39181008059313116,0.4753705379043639,0.5393192784724098,0.0639487405680458
40,TSAL20250813_0830_staticAndStaticFree001,TSAL20250828_0830_interferenceAndInterferenceFree001,20250813,20250828,0.26717494890226917,0.7535708752452123,0.4190299264507462,0.4160239061876181,-0.003006020263128
41,TSAL20250813_0830_staticAndStaticFree001,TSAL20250829_0830_interferenceAndInterferenceFree001,20250813,20250829,0.25970013903581757,0.1034691701154174,0.4895524686339426,0.4536758879982392,-0.0358765806357033
42,TSAL20250813_0830_staticAndStaticFree001,TSAL20250830_0830_interferenceAndInterferenceFree001,20250813,20250830,0.1342533149161984,0.5411164934566506,0.4364888182533791,0.3832557256906738,-0.0532330925627052
