condition,day_index,r2_date,time_bin,time_end_ms,gap_mean
Original interference random fixed40,1,20250828,3,120,0.1550027849098776
Original interference random fixed40,1,20250828,4,150,0.1636622112474467
Original interference random fixed40,1,20250828,5,180,0.1715466828839023
Original interference random fixed40,1,20250828,6,210,0.1780266431519956
Original interference random fixed40,1,20250828,7,240,0.1777920767381359
Original interference random fixed40,1,20250828,8,270,0.1701149847083734
Original interference random fixed40,1,20250828,9,300,0.1600116886614162
Original interference random fixed40,1,20250828,10,330,0.1515933870103778
Original interference random fixed40,1,20250828,11,360,0.1480481333137582
Original interference random fixed40,1,20250828,12,390,0.1452820372484541
Original interference random fixed40,1,20250828,13,420,0.14079704946096
Original interference random fixed40,1,20250828,14,450,0.1345526916764529
Original interference random fixed40,1,20250828,15,480,0.1276873635743221
Original interference random fixed40,1,20250828,16,510,0.1233682450780185
Original interference random fixed40,1,20250828,17,540,0.1209160972865503
Original interference random fixed40,1,20250828,18,570,0.1186513295681012
Original interference random fixed40,1,20250828,19,600,0.1159723265449069
Original interference random fixed40,1,20250828,20,630,0.1128266601581512
Original interference random fixed40,1,20250828,21,660,0.1104710101803493
Original interference random fixed40,1,20250828,22,690,0.1091478306220502
Original interference random fixed40,1,20250828,23,720,0.108273123963728
Original interference random fixed40,1,20250828,24,750,0.1076468821189135
Original interference random fixed40,1,20250828,25,780,0.1072154211518292
Original interference random fixed40,1,20250828,26,810,0.1070104567324958
Original interference random fixed40,1,20250828,27,840,0.1074316507879116
Original interference random fixed40,1,20250828,28,870,0.108271781603686
Original interference random fixed40,1,20250828,29,900,0.1091004678801715
Original interference random fixed40,1,20250828,30,930,0.1099369835565023
Original interference random fixed40,1,20250828,31,960,0.1102969523769517
Original interference random fixed40,1,20250828,32,990,0.1105184209009855
Original interference random fixed40,1,20250828,33,1020,0.1106471903370412
Original interference random fixed40,1,20250828,34,1050,0.1108255611828676
Original interference random fixed40,1,20250828,35,1080,0.1109567312861198
Original interference random fixed40,1,20250828,36,1110,0.1108778027276481
Original interference random fixed40,1,20250828,37,1140,0.1108599418890781
Original interference random fixed40,1,20250828,38,1170,0.1109681523327271
Original interference random fixed40,1,20250828,39,1200,0.1108222776281319
Original interference random fixed40,1,20250828,40,1230,0.110428889047536
Original interference random fixed40,1,20250828,41,1260,0.1100881666381172
Original interference random fixed40,1,20250828,42,1290,0.109660489150021
Original interference random fixed40,1,20250828,43,1320,0.1089881108239719
Original interference random fixed40,1,20250828,44,1350,0.1085816405730395
Original interference random fixed40,1,20250828,45,1380,0.1082979316328164
Original interference random fixed40,1,20250828,46,1410,0.1081038346212217
Original interference random fixed40,1,20250828,47,1440,0.1082558103604972
Original interference random fixed40,1,20250828,48,1470,0.1085403863067125
Original interference random fixed40,1,20250828,49,1500,0.108817300075062
Original interference random fixed40,1,20250828,50,1530,0.1090143142864791
Original interference random fixed40,1,20250828,51,1560,0.1091283565856873
Original interference random fixed40,1,20250828,52,1590,0.1091806773630356
Original interference random fixed40,1,20250828,53,1620,0.1092714691578029
Original interference random fixed40,1,20250828,54,1650,0.1094500558029144
Original interference random fixed40,1,20250828,55,1680,0.1095939522193065
Original interference random fixed40,1,20250828,56,1710,0.1096203209267458
Original interference random fixed40,1,20250828,57,1740,0.1096421249111751
Original interference random fixed40,1,20250828,58,1770,0.1096650690983883
Original interference random fixed40,1,20250828,59,1800,0.1096646766319713
Original interference random fixed40,1,20250828,60,1830,0.1096456420743977
Original interference random fixed40,1,20250828,61,1860,0.1096387028898456
Original interference random fixed40,1,20250828,62,1890,0.1096194336975953
Original interference random fixed40,1,20250828,63,1920,0.1096009750709605
Original interference random fixed40,1,20250828,64,1950,0.1096161499754059
Original interference random fixed40,1,20250828,65,1980,0.1096412018575347
Original interference random fixed40,1,20250828,66,2010,0.1096833440864928
Original interference random fixed40,1,20250828,67,2040,0.1097357806978709
Original interference random fixed40,1,20250828,68,2070,0.1097930632135033
Original interference random fixed40,1,20250828,69,2100,0.1098501058581249
Original interference random fixed40,1,20250828,70,2130,0.1098982488970788
Original interference random fixed40,1,20250828,71,2160,0.1098822661746654
Original interference random fixed40,1,20250828,72,2190,0.1098654477770296
Original interference random fixed40,1,20250828,73,2220,0.1098214769955589
Original interference random fixed40,1,20250828,74,2250,0.1097670069032908
Original interference random fixed40,1,20250828,75,2280,0.1097367347378181
Original interference random fixed40,1,20250828,76,2310,0.1097035728395588
Original interference random fixed40,1,20250828,77,2340,0.1097301538381862
Original interference random fixed40,1,20250828,78,2370,0.1097779636605094
Original interference random fixed40,1,20250828,79,2400,0.1097985805480499
Original interference random fixed40,1,20250828,80,2430,0.1098072842056056
Original interference random fixed40,1,20250828,81,2460,0.1098288791725467
Original interference random fixed40,1,20250828,82,2490,0.1098681007377576
Original interference random fixed40,1,20250828,83,2520,0.1099152059461141
Original interference random fixed40,1,20250828,84,2550,0.1099353897387052
Original interference random fixed40,1,20250828,85,2580,0.1099439201168302
Original interference random fixed40,1,20250828,86,2610,0.1099498796926404
Original interference random fixed40,1,20250828,87,2640,0.1099533789720326
Original interference random fixed40,1,20250828,88,2670,0.1099554926514987
Original interference random fixed40,2,20250829,3,120,0.363701349716587
Original interference random fixed40,2,20250829,4,150,0.3702389714275126
Original interference random fixed40,2,20250829,5,180,0.3679170041005871
Original interference random fixed40,2,20250829,6,210,0.3660830840688066
Original interference random fixed40,2,20250829,7,240,0.3570320751150587
Original interference random fixed40,2,20250829,8,270,0.3456277943926858
Original interference random fixed40,2,20250829,9,300,0.3249120206687195
Original interference random fixed40,2,20250829,10,330,0.2998219393955059
Original interference random fixed40,2,20250829,11,360,0.2720588320419053
Original interference random fixed40,2,20250829,12,390,0.2426585713740975
Original interference random fixed40,2,20250829,13,420,0.2137161082692198
Original interference random fixed40,2,20250829,14,450,0.1887483020053231
Original interference random fixed40,2,20250829,15,480,0.1686535697404953
Original interference random fixed40,2,20250829,16,510,0.1502766851701356
Original interference random fixed40,2,20250829,17,540,0.1345486073381915
Original interference random fixed40,2,20250829,18,570,0.1220934674538337
Original interference random fixed40,2,20250829,19,600,0.1139130929147428
Original interference random fixed40,2,20250829,20,630,0.108653800393484
Original interference random fixed40,2,20250829,21,660,0.1056718217011327
Original interference random fixed40,2,20250829,22,690,0.1040273458011222
Original interference random fixed40,2,20250829,23,720,0.1031041208168573
Original interference random fixed40,2,20250829,24,750,0.1025698876566093
Original interference random fixed40,2,20250829,25,780,0.1019244952368086
Original interference random fixed40,2,20250829,26,810,0.1015435431328924
Original interference random fixed40,2,20250829,27,840,0.1013882646896089
Original interference random fixed40,2,20250829,28,870,0.1014010680806541
Original interference random fixed40,2,20250829,29,900,0.1019878222634278
Original interference random fixed40,2,20250829,30,930,0.1028226057285298
Original interference random fixed40,2,20250829,31,960,0.1038114058692797
Original interference random fixed40,2,20250829,32,990,0.1049332978823501
Original interference random fixed40,2,20250829,33,1020,0.105974241816552
Original interference random fixed40,2,20250829,34,1050,0.1066708303600523
Original interference random fixed40,2,20250829,35,1080,0.1073526946212354
Original interference random fixed40,2,20250829,36,1110,0.1082123472951689
Original interference random fixed40,2,20250829,37,1140,0.1091949050232971
Original interference random fixed40,2,20250829,38,1170,0.1100735213446801
Original interference random fixed40,2,20250829,39,1200,0.1108420970616601
Original interference random fixed40,2,20250829,40,1230,0.1115129074585355
Original interference random fixed40,2,20250829,41,1260,0.1121853424932552
Original interference random fixed40,2,20250829,42,1290,0.1127185468641384
Original interference random fixed40,2,20250829,43,1320,0.1130701236215344
Original interference random fixed40,2,20250829,44,1350,0.1134076545311054
Original interference random fixed40,2,20250829,45,1380,0.1137220497955011
Original interference random fixed40,2,20250829,46,1410,0.1141615629964829
Original interference random fixed40,2,20250829,47,1440,0.1145412571672537
Original interference random fixed40,2,20250829,48,1470,0.1149373970259216
Original interference random fixed40,2,20250829,49,1500,0.1153156145361595
Original interference random fixed40,2,20250829,50,1530,0.1156814412648638
Original interference random fixed40,2,20250829,51,1560,0.1160187712462269
Original interference random fixed40,2,20250829,52,1590,0.1162998916907542
Original interference random fixed40,2,20250829,53,1620,0.1164763787863746
Original interference random fixed40,2,20250829,54,1650,0.1165284831008396
Original interference random fixed40,2,20250829,55,1680,0.1164909880939699
Original interference random fixed40,2,20250829,56,1710,0.1162584950413559
Original interference random fixed40,2,20250829,57,1740,0.1158058948394785
Original interference random fixed40,2,20250829,58,1770,0.1153258812850521
Original interference random fixed40,2,20250829,59,1800,0.1147856099078418
Original interference random fixed40,2,20250829,60,1830,0.114285354401876
Original interference random fixed40,2,20250829,61,1860,0.1138559176389156
Original interference random fixed40,2,20250829,62,1890,0.1134283119169591
Original interference random fixed40,2,20250829,63,1920,0.1130539919016741
Original interference random fixed40,2,20250829,64,1950,0.1127140051264618
Original interference random fixed40,2,20250829,65,1980,0.1123939225028259
Original interference random fixed40,2,20250829,66,2010,0.1120997167915293
Original interference random fixed40,2,20250829,67,2040,0.1118146930814504
Original interference random fixed40,2,20250829,68,2070,0.1115787873606205
Original interference random fixed40,2,20250829,69,2100,0.1114237909844483
Original interference random fixed40,2,20250829,70,2130,0.1113453612290253
Original interference random fixed40,2,20250829,71,2160,0.1113247646962326
Original interference random fixed40,2,20250829,72,2190,0.1113517949351958
Original interference random fixed40,2,20250829,73,2220,0.1114108416869019
Original interference random fixed40,2,20250829,74,2250,0.1114963582374527
Original interference random fixed40,2,20250829,75,2280,0.1116389128959036
Original interference random fixed40,2,20250829,76,2310,0.1118396689815382
Original interference random fixed40,2,20250829,77,2340,0.1120892094600851
Original interference random fixed40,2,20250829,78,2370,0.1123599040012238
Original interference random fixed40,2,20250829,79,2400,0.1126160192650296
Original interference random fixed40,2,20250829,80,2430,0.1128598733888917
Original interference random fixed40,2,20250829,81,2460,0.1131030842651081
Original interference random fixed40,2,20250829,82,2490,0.1133597985203481
Original interference random fixed40,2,20250829,83,2520,0.1136651840717557
Original interference random fixed40,2,20250829,84,2550,0.1136831164608567
Original interference random fixed40,2,20250829,85,2580,0.1136887551822302
Original interference random fixed40,2,20250829,86,2610,0.1136927954145668
Original interference random fixed40,2,20250829,87,2640,0.1136956543769913
Original interference random fixed40,2,20250829,88,2670,0.1136980285358616
Original interference random fixed40,3,20250830,3,120,0.1770549141474658
Original interference random fixed40,3,20250830,4,150,0.1854352368825632
Original interference random fixed40,3,20250830,5,180,0.1896579094043297
Original interference random fixed40,3,20250830,6,210,0.1828593596887995
Original interference random fixed40,3,20250830,7,240,0.1731797248932183
Original interference random fixed40,3,20250830,8,270,0.1601943554474631
Original interference random fixed40,3,20250830,9,300,0.1419096386259783
Original interference random fixed40,3,20250830,10,330,0.1265031659526082
Original interference random fixed40,3,20250830,11,360,0.1150452513391615
Original interference random fixed40,3,20250830,12,390,0.1043150668298554
Original interference random fixed40,3,20250830,13,420,0.0948651937260594
Original interference random fixed40,3,20250830,14,450,0.0862245985138126
Original interference random fixed40,3,20250830,15,480,0.0799063354943242
Original interference random fixed40,3,20250830,16,510,0.0753774778731198
Original interference random fixed40,3,20250830,17,540,0.0716872863518586
Original interference random fixed40,3,20250830,18,570,0.0682709107747713
Original interference random fixed40,3,20250830,19,600,0.0654916085641744
Original interference random fixed40,3,20250830,20,630,0.0639716939996399
Original interference random fixed40,3,20250830,21,660,0.063512348271176
Original interference random fixed40,3,20250830,22,690,0.0640638544581303
Original interference random fixed40,3,20250830,23,720,0.0650023535565481
Original interference random fixed40,3,20250830,24,750,0.066249658909497
Original interference random fixed40,3,20250830,25,780,0.0676475266372512
Original interference random fixed40,3,20250830,26,810,0.0688195230886114
Original interference random fixed40,3,20250830,27,840,0.0697705667266315
Original interference random fixed40,3,20250830,28,870,0.0706859470469282
Original interference random fixed40,3,20250830,29,900,0.0719313945249777
Original interference random fixed40,3,20250830,30,930,0.0732338749079117
Original interference random fixed40,3,20250830,31,960,0.0743386163591715
Original interference random fixed40,3,20250830,32,990,0.0752856238473146
Original interference random fixed40,3,20250830,33,1020,0.076188028212924
Original interference random fixed40,3,20250830,34,1050,0.0771061363901913
Original interference random fixed40,3,20250830,35,1080,0.0779036629305288
Original interference random fixed40,3,20250830,36,1110,0.0787355696227965
Original interference random fixed40,3,20250830,37,1140,0.0794990884644967
Original interference random fixed40,3,20250830,38,1170,0.0801649880739932
Original interference random fixed40,3,20250830,39,1200,0.0806891459397422
Original interference random fixed40,3,20250830,40,1230,0.0811216386952631
Original interference random fixed40,3,20250830,41,1260,0.0814154253153792
Original interference random fixed40,3,20250830,42,1290,0.0816242863530136
Original interference random fixed40,3,20250830,43,1320,0.0818082538819662
Original interference random fixed40,3,20250830,44,1350,0.0820334117048205
Original interference random fixed40,3,20250830,45,1380,0.0821350322489944
Original interference random fixed40,3,20250830,46,1410,0.0822908638721023
Original interference random fixed40,3,20250830,47,1440,0.0823710191097398
Original interference random fixed40,3,20250830,48,1470,0.0823549498097918
Original interference random fixed40,3,20250830,49,1500,0.0823273131141571
Original interference random fixed40,3,20250830,50,1530,0.0823654691919192
Original interference random fixed40,3,20250830,51,1560,0.082460849152192
Original interference random fixed40,3,20250830,52,1590,0.0825616722063811
Original interference random fixed40,3,20250830,53,1620,0.0826199543077642
Original interference random fixed40,3,20250830,54,1650,0.0826201642916101
Original interference random fixed40,3,20250830,55,1680,0.0825942880381811
Original interference random fixed40,3,20250830,56,1710,0.0825353969310112
Original interference random fixed40,3,20250830,57,1740,0.0824315950588062
Original interference random fixed40,3,20250830,58,1770,0.0822981319408686
Original interference random fixed40,3,20250830,59,1800,0.0821745306587544
Original interference random fixed40,3,20250830,60,1830,0.0820944822019647
Original interference random fixed40,3,20250830,61,1860,0.082056988248709
Original interference random fixed40,3,20250830,62,1890,0.0820440437723833
Original interference random fixed40,3,20250830,63,1920,0.0820198987785703
Original interference random fixed40,3,20250830,64,1950,0.0819410546170176
Original interference random fixed40,3,20250830,65,1980,0.0818124161754436
Original interference random fixed40,3,20250830,66,2010,0.0817246532587053
Original interference random fixed40,3,20250830,67,2040,0.0816654658736576
Original interference random fixed40,3,20250830,68,2070,0.081611038987364
Original interference random fixed40,3,20250830,69,2100,0.0815592009167842
Original interference random fixed40,3,20250830,70,2130,0.0814965498199498
Original interference random fixed40,3,20250830,71,2160,0.0814525197212318
Original interference random fixed40,3,20250830,72,2190,0.0814273960548678
Original interference random fixed40,3,20250830,73,2220,0.0814201289121307
Original interference random fixed40,3,20250830,74,2250,0.0814257867274967
Original interference random fixed40,3,20250830,75,2280,0.0814513472191004
Original interference random fixed40,3,20250830,76,2310,0.0814864466521152
Original interference random fixed40,3,20250830,77,2340,0.0815235350887534
Original interference random fixed40,3,20250830,78,2370,0.081560621078318
Original interference random fixed40,3,20250830,79,2400,0.081593187747733
Original interference random fixed40,3,20250830,80,2430,0.0816684368794975
Original interference random fixed40,3,20250830,81,2460,0.081742208191236
Original interference random fixed40,3,20250830,82,2490,0.0818071478354571
Original interference random fixed40,3,20250830,83,2520,0.0818836335023052
Original interference random fixed40,3,20250830,84,2550,0.081908847920297
Original interference random fixed40,3,20250830,85,2580,0.0819251482892541
Original interference random fixed40,3,20250830,86,2610,0.0819382967831156
Original interference random fixed40,3,20250830,87,2640,0.0819458541370307
Original interference random fixed40,3,20250830,88,2670,0.0819502121720926
Forget dropout-clean fixed39,1,20260626,3,120,-0.1130026335494507
Forget dropout-clean fixed39,1,20260626,4,150,-0.1280033903899515
Forget dropout-clean fixed39,1,20260626,5,180,-0.1235251296111118
Forget dropout-clean fixed39,1,20260626,6,210,-0.0948046153924197
Forget dropout-clean fixed39,1,20260626,7,240,-0.0662572958980293
Forget dropout-clean fixed39,1,20260626,8,270,-0.059062016729545
Forget dropout-clean fixed39,1,20260626,9,300,-0.0393536996509244
Forget dropout-clean fixed39,1,20260626,10,330,-0.0322949658086852
Forget dropout-clean fixed39,1,20260626,11,360,-0.0219589595671307
Forget dropout-clean fixed39,1,20260626,12,390,-0.0096410296991107
Forget dropout-clean fixed39,1,20260626,13,420,-0.0058209026285265
Forget dropout-clean fixed39,1,20260626,14,450,-0.0043606947229018
Forget dropout-clean fixed39,1,20260626,15,480,-0.0065025596225646
Forget dropout-clean fixed39,1,20260626,16,510,-0.0062486490938304
Forget dropout-clean fixed39,1,20260626,17,540,-0.0052237103472724
Forget dropout-clean fixed39,1,20260626,18,570,-0.0004135269530665
Forget dropout-clean fixed39,1,20260626,19,600,0.003805471704527
Forget dropout-clean fixed39,1,20260626,20,630,0.0059957933843751
Forget dropout-clean fixed39,1,20260626,21,660,0.0080202893210877
Forget dropout-clean fixed39,1,20260626,22,690,0.009662044201385
Forget dropout-clean fixed39,1,20260626,23,720,0.0134033463768465
Forget dropout-clean fixed39,1,20260626,24,750,0.0168277197766633
Forget dropout-clean fixed39,1,20260626,25,780,0.0184388222904145
Forget dropout-clean fixed39,1,20260626,26,810,0.0190978949893522
Forget dropout-clean fixed39,1,20260626,27,840,0.019716189111568
Forget dropout-clean fixed39,1,20260626,28,870,0.0208361114250228
Forget dropout-clean fixed39,1,20260626,29,900,0.0222800947382955
Forget dropout-clean fixed39,1,20260626,30,930,0.0243958254298567
Forget dropout-clean fixed39,1,20260626,31,960,0.0265548429438299
Forget dropout-clean fixed39,1,20260626,32,990,0.0279678014673629
Forget dropout-clean fixed39,1,20260626,33,1020,0.0289333153414169
Forget dropout-clean fixed39,1,20260626,34,1050,0.0302223723504438
Forget dropout-clean fixed39,1,20260626,35,1080,0.0314053021350131
Forget dropout-clean fixed39,1,20260626,36,1110,0.0317646687782763
Forget dropout-clean fixed39,1,20260626,37,1140,0.03132790087949
Forget dropout-clean fixed39,1,20260626,38,1170,0.0305008507733921
Forget dropout-clean fixed39,1,20260626,39,1200,0.0300205110842732
Forget dropout-clean fixed39,1,20260626,40,1230,0.0292405682532206
Forget dropout-clean fixed39,1,20260626,41,1260,0.0288127655585011
Forget dropout-clean fixed39,1,20260626,42,1290,0.0284738014833779
Forget dropout-clean fixed39,1,20260626,43,1320,0.0281626851497626
Forget dropout-clean fixed39,1,20260626,44,1350,0.0279475383991662
Forget dropout-clean fixed39,1,20260626,45,1380,0.0278266690215532
Forget dropout-clean fixed39,1,20260626,46,1410,0.0277478638020253
Forget dropout-clean fixed39,1,20260626,47,1440,0.027667689436736
Forget dropout-clean fixed39,1,20260626,48,1470,0.0276065608516547
Forget dropout-clean fixed39,1,20260626,49,1500,0.0275790819796951
Forget dropout-clean fixed39,1,20260626,50,1530,0.0275834829170512
Forget dropout-clean fixed39,1,20260626,51,1560,0.0276225271042655
Forget dropout-clean fixed39,1,20260626,52,1590,0.0276654074774513
Forget dropout-clean fixed39,1,20260626,53,1620,0.0276528532240424
Forget dropout-clean fixed39,1,20260626,54,1650,0.0275927629129569
Forget dropout-clean fixed39,1,20260626,55,1680,0.027519525224134
Forget dropout-clean fixed39,1,20260626,56,1710,0.0274467264009042
Forget dropout-clean fixed39,1,20260626,57,1740,0.0273775366549551
Forget dropout-clean fixed39,1,20260626,58,1770,0.0273364156805941
Forget dropout-clean fixed39,1,20260626,59,1800,0.0273354934395199
Forget dropout-clean fixed39,1,20260626,60,1830,0.0273779000587927
Forget dropout-clean fixed39,1,20260626,61,1860,0.0274338140062726
Forget dropout-clean fixed39,1,20260626,62,1890,0.0274757036492056
Forget dropout-clean fixed39,1,20260626,63,1920,0.0275076812985981
Forget dropout-clean fixed39,1,20260626,64,1950,0.0275767360089955
Forget dropout-clean fixed39,1,20260626,65,1980,0.0276993641374604
Forget dropout-clean fixed39,1,20260626,66,2010,0.0278148212321843
Forget dropout-clean fixed39,1,20260626,67,2040,0.0279132179316278
Forget dropout-clean fixed39,1,20260626,68,2070,0.0279600328691498
Forget dropout-clean fixed39,1,20260626,69,2100,0.0279593559798676
Forget dropout-clean fixed39,1,20260626,70,2130,0.0279463944074237
Forget dropout-clean fixed39,1,20260626,71,2160,0.0279252401399244
Forget dropout-clean fixed39,1,20260626,72,2190,0.027905504823462
Forget dropout-clean fixed39,1,20260626,73,2220,0.0278873712835433
Forget dropout-clean fixed39,1,20260626,74,2250,0.0278751087477657
Forget dropout-clean fixed39,1,20260626,75,2280,0.0278756973491938
Forget dropout-clean fixed39,1,20260626,76,2310,0.0279005141661287
Forget dropout-clean fixed39,1,20260626,77,2340,0.0279336824151527
Forget dropout-clean fixed39,1,20260626,78,2370,0.0279693490569404
Forget dropout-clean fixed39,1,20260626,79,2400,0.0280091960465893
Forget dropout-clean fixed39,1,20260626,80,2430,0.0280493535424573
Forget dropout-clean fixed39,1,20260626,81,2460,0.0280899695916681
Forget dropout-clean fixed39,1,20260626,82,2490,0.028135112132433
Forget dropout-clean fixed39,1,20260626,83,2520,0.0281921740956929
Forget dropout-clean fixed39,2,20260627,3,120,-0.0287977635333727
Forget dropout-clean fixed39,2,20260627,4,150,0.0056157041681957
Forget dropout-clean fixed39,2,20260627,5,180,0.0280333643563295
Forget dropout-clean fixed39,2,20260627,6,210,0.0549146315514103
Forget dropout-clean fixed39,2,20260627,7,240,0.0511625672144093
Forget dropout-clean fixed39,2,20260627,8,270,0.0465439101053154
Forget dropout-clean fixed39,2,20260627,9,300,0.0559284366512129
Forget dropout-clean fixed39,2,20260627,10,330,0.0585770768272003
Forget dropout-clean fixed39,2,20260627,11,360,0.0543768278853135
Forget dropout-clean fixed39,2,20260627,12,390,0.0480295743094641
Forget dropout-clean fixed39,2,20260627,13,420,0.0391224203977495
Forget dropout-clean fixed39,2,20260627,14,450,0.030477436927141
Forget dropout-clean fixed39,2,20260627,15,480,0.0258609675056098
Forget dropout-clean fixed39,2,20260627,16,510,0.0266886742295911
Forget dropout-clean fixed39,2,20260627,17,540,0.0274043196189166
Forget dropout-clean fixed39,2,20260627,18,570,0.0309815251614408
Forget dropout-clean fixed39,2,20260627,19,600,0.0333181623901192
Forget dropout-clean fixed39,2,20260627,20,630,0.0329129493483534
Forget dropout-clean fixed39,2,20260627,21,660,0.0295869735125065
Forget dropout-clean fixed39,2,20260627,22,690,0.0264669561369155
Forget dropout-clean fixed39,2,20260627,23,720,0.0248101856183451
Forget dropout-clean fixed39,2,20260627,24,750,0.0251530622762265
Forget dropout-clean fixed39,2,20260627,25,780,0.0254601068185265
Forget dropout-clean fixed39,2,20260627,26,810,0.0258984125562883
Forget dropout-clean fixed39,2,20260627,27,840,0.0267232776408045
Forget dropout-clean fixed39,2,20260627,28,870,0.0266518446181146
Forget dropout-clean fixed39,2,20260627,29,900,0.0265855763844414
Forget dropout-clean fixed39,2,20260627,30,930,0.026675868186856
Forget dropout-clean fixed39,2,20260627,31,960,0.0269972641735099
Forget dropout-clean fixed39,2,20260627,32,990,0.0272839598134154
Forget dropout-clean fixed39,2,20260627,33,1020,0.0272395991610204
Forget dropout-clean fixed39,2,20260627,34,1050,0.0267311870563884
Forget dropout-clean fixed39,2,20260627,35,1080,0.0260554071295308
Forget dropout-clean fixed39,2,20260627,36,1110,0.0253025971013501
Forget dropout-clean fixed39,2,20260627,37,1140,0.0242288827584671
Forget dropout-clean fixed39,2,20260627,38,1170,0.0232945753763826
Forget dropout-clean fixed39,2,20260627,39,1200,0.022796733748115
Forget dropout-clean fixed39,2,20260627,40,1230,0.0226298128563507
Forget dropout-clean fixed39,2,20260627,41,1260,0.0225349787228305
Forget dropout-clean fixed39,2,20260627,42,1290,0.0224585682388977
Forget dropout-clean fixed39,2,20260627,43,1320,0.0223817381522067
Forget dropout-clean fixed39,2,20260627,44,1350,0.0222960353599621
Forget dropout-clean fixed39,2,20260627,45,1380,0.0221956368167322
Forget dropout-clean fixed39,2,20260627,46,1410,0.0220917413331855
Forget dropout-clean fixed39,2,20260627,47,1440,0.0219956812358241
Forget dropout-clean fixed39,2,20260627,48,1470,0.021874134507762
Forget dropout-clean fixed39,2,20260627,49,1500,0.0217404298841753
Forget dropout-clean fixed39,2,20260627,50,1530,0.0216343700869515
Forget dropout-clean fixed39,2,20260627,51,1560,0.0216343700869515
Forget dropout-clean fixed39,2,20260627,52,1590,0.0216343700869515
Forget dropout-clean fixed39,2,20260627,53,1620,0.0216343700869515
Forget dropout-clean fixed39,2,20260627,54,1650,0.0216343700869515
Forget dropout-clean fixed39,2,20260627,55,1680,0.0216343700869515
Forget dropout-clean fixed39,2,20260627,56,1710,0.0216343700869515
Forget dropout-clean fixed39,2,20260627,57,1740,0.0216343700869515
Forget dropout-clean fixed39,2,20260627,58,1770,0.0216343700869515
Forget dropout-clean fixed39,2,20260627,59,1800,0.0216343700869515
Forget dropout-clean fixed39,2,20260627,60,1830,0.0216343700869515
Forget dropout-clean fixed39,2,20260627,61,1860,0.0216343700869515
Forget dropout-clean fixed39,2,20260627,62,1890,0.0216343700869515
Forget dropout-clean fixed39,2,20260627,63,1920,0.0216343700869515
Forget dropout-clean fixed39,2,20260627,64,1950,0.0216343700869515
Forget dropout-clean fixed39,2,20260627,65,1980,0.0216343700869515
Forget dropout-clean fixed39,2,20260627,66,2010,0.0216343700869515
Forget dropout-clean fixed39,2,20260627,67,2040,0.0216343700869515
Forget dropout-clean fixed39,2,20260627,68,2070,0.0216343700869515
Forget dropout-clean fixed39,2,20260627,69,2100,0.0216343700869515
Forget dropout-clean fixed39,2,20260627,70,2130,0.0216343700869515
Forget dropout-clean fixed39,2,20260627,71,2160,0.0216343700869515
Forget dropout-clean fixed39,2,20260627,72,2190,0.0216343700869515
Forget dropout-clean fixed39,2,20260627,73,2220,0.0216343700869515
Forget dropout-clean fixed39,2,20260627,74,2250,0.0216343700869515
Forget dropout-clean fixed39,2,20260627,75,2280,0.0216343700869515
Forget dropout-clean fixed39,2,20260627,76,2310,0.0216343700869515
Forget dropout-clean fixed39,2,20260627,77,2340,0.0216343700869515
Forget dropout-clean fixed39,2,20260627,78,2370,0.0216343700869515
Forget dropout-clean fixed39,2,20260627,79,2400,0.0216343700869515
Forget dropout-clean fixed39,2,20260627,80,2430,0.0216343700869515
Forget dropout-clean fixed39,2,20260627,81,2460,0.0216343700869515
Forget dropout-clean fixed39,2,20260627,82,2490,0.0216343700869515
Forget dropout-clean fixed39,2,20260627,83,2520,0.0216343700869515
Forget dropout-clean fixed39,3,20260628,3,120,0.0874966911680997
Forget dropout-clean fixed39,3,20260628,4,150,0.1106769354540968
Forget dropout-clean fixed39,3,20260628,5,180,0.1160913755852765
Forget dropout-clean fixed39,3,20260628,6,210,0.1446815915121049
Forget dropout-clean fixed39,3,20260628,7,240,0.1495873765655935
Forget dropout-clean fixed39,3,20260628,8,270,0.143929680905121
Forget dropout-clean fixed39,3,20260628,9,300,0.1534623356287945
Forget dropout-clean fixed39,3,20260628,10,330,0.1582435890802296
Forget dropout-clean fixed39,3,20260628,11,360,0.1535012726144138
Forget dropout-clean fixed39,3,20260628,12,390,0.1495047653203376
Forget dropout-clean fixed39,3,20260628,13,420,0.1468461970256505
Forget dropout-clean fixed39,3,20260628,14,450,0.144776286948803
Forget dropout-clean fixed39,3,20260628,15,480,0.1389791077756491
Forget dropout-clean fixed39,3,20260628,16,510,0.1338280530194232
Forget dropout-clean fixed39,3,20260628,17,540,0.1297846197771411
Forget dropout-clean fixed39,3,20260628,18,570,0.128721394413055
Forget dropout-clean fixed39,3,20260628,19,600,0.1277927966998745
Forget dropout-clean fixed39,3,20260628,20,630,0.1263913756853141
Forget dropout-clean fixed39,3,20260628,21,660,0.1259299893119396
Forget dropout-clean fixed39,3,20260628,22,690,0.1261194688537329
Forget dropout-clean fixed39,3,20260628,23,720,0.1276514740978236
Forget dropout-clean fixed39,3,20260628,24,750,0.1298493074767155
Forget dropout-clean fixed39,3,20260628,25,780,0.1323828392383559
Forget dropout-clean fixed39,3,20260628,26,810,0.1341136114139318
Forget dropout-clean fixed39,3,20260628,27,840,0.1354532145481782
Forget dropout-clean fixed39,3,20260628,28,870,0.135594573802899
Forget dropout-clean fixed39,3,20260628,29,900,0.1360060739075586
Forget dropout-clean fixed39,3,20260628,30,930,0.1373922687308481
Forget dropout-clean fixed39,3,20260628,31,960,0.1396502725434953
Forget dropout-clean fixed39,3,20260628,32,990,0.1412931031386454
Forget dropout-clean fixed39,3,20260628,33,1020,0.1424886083518063
Forget dropout-clean fixed39,3,20260628,34,1050,0.1433849776891539
Forget dropout-clean fixed39,3,20260628,35,1080,0.1444324852811553
Forget dropout-clean fixed39,3,20260628,36,1110,0.1453761386642859
Forget dropout-clean fixed39,3,20260628,37,1140,0.1460719703796508
Forget dropout-clean fixed39,3,20260628,38,1170,0.1466324268643101
Forget dropout-clean fixed39,3,20260628,39,1200,0.1471177742326138
Forget dropout-clean fixed39,3,20260628,40,1230,0.147741450195725
Forget dropout-clean fixed39,3,20260628,41,1260,0.1477986996929851
Forget dropout-clean fixed39,3,20260628,42,1290,0.1478250575560113
Forget dropout-clean fixed39,3,20260628,43,1320,0.1478377709580467
Forget dropout-clean fixed39,3,20260628,44,1350,0.1478385960533596
Forget dropout-clean fixed39,3,20260628,45,1380,0.1478385960533596
Forget dropout-clean fixed39,3,20260628,46,1410,0.1478385960533596
Forget dropout-clean fixed39,3,20260628,47,1440,0.1478385960533596
Forget dropout-clean fixed39,3,20260628,48,1470,0.1478385960533596
Forget dropout-clean fixed39,3,20260628,49,1500,0.1478385960533596
Forget dropout-clean fixed39,3,20260628,50,1530,0.1478385960533596
Forget dropout-clean fixed39,3,20260628,51,1560,0.1478385960533596
Forget dropout-clean fixed39,3,20260628,52,1590,0.1478385960533596
Forget dropout-clean fixed39,3,20260628,53,1620,0.1478385960533596
Forget dropout-clean fixed39,3,20260628,54,1650,0.1478385960533596
Forget dropout-clean fixed39,3,20260628,55,1680,0.1478385960533596
Forget dropout-clean fixed39,3,20260628,56,1710,0.1478385960533596
Forget dropout-clean fixed39,3,20260628,57,1740,0.1478385960533596
Forget dropout-clean fixed39,3,20260628,58,1770,0.1478385960533596
Forget dropout-clean fixed39,3,20260628,59,1800,0.1478385960533596
Forget dropout-clean fixed39,3,20260628,60,1830,0.1478385960533596
Forget dropout-clean fixed39,3,20260628,61,1860,0.1478385960533596
Forget dropout-clean fixed39,3,20260628,62,1890,0.1478385960533596
Forget dropout-clean fixed39,3,20260628,63,1920,0.1478385960533596
Forget dropout-clean fixed39,3,20260628,64,1950,0.1478385960533596
Forget dropout-clean fixed39,3,20260628,65,1980,0.1478385960533596
Forget dropout-clean fixed39,3,20260628,66,2010,0.1478385960533596
Forget dropout-clean fixed39,3,20260628,67,2040,0.1478385960533596
Forget dropout-clean fixed39,3,20260628,68,2070,0.1478385960533596
Forget dropout-clean fixed39,3,20260628,69,2100,0.1478385960533596
Forget dropout-clean fixed39,3,20260628,70,2130,0.1478385960533596
Forget dropout-clean fixed39,3,20260628,71,2160,0.1478385960533596
Forget dropout-clean fixed39,3,20260628,72,2190,0.1478385960533596
Forget dropout-clean fixed39,3,20260628,73,2220,0.1478385960533596
Forget dropout-clean fixed39,3,20260628,74,2250,0.1478385960533596
Forget dropout-clean fixed39,3,20260628,75,2280,0.1478385960533596
Forget dropout-clean fixed39,3,20260628,76,2310,0.1478385960533596
Forget dropout-clean fixed39,3,20260628,77,2340,0.1478385960533596
Forget dropout-clean fixed39,3,20260628,78,2370,0.1478385960533596
Forget dropout-clean fixed39,3,20260628,79,2400,0.1478385960533596
Forget dropout-clean fixed39,3,20260628,80,2430,0.1478385960533596
Forget dropout-clean fixed39,3,20260628,81,2460,0.1478385960533596
Forget dropout-clean fixed39,3,20260628,82,2490,0.1478385960533596
Forget dropout-clean fixed39,3,20260628,83,2520,0.1478385960533596
Forget random fixed40,1,20260626,3,120,-0.125420496563427
Forget random fixed40,1,20260626,4,150,-0.1417289730113035
Forget random fixed40,1,20260626,5,180,-0.1255951793418505
Forget random fixed40,1,20260626,6,210,-0.0929109993677523
Forget random fixed40,1,20260626,7,240,-0.0624157879832839
Forget random fixed40,1,20260626,8,270,-0.0677406384043704
Forget random fixed40,1,20260626,9,300,-0.0562450330953393
Forget random fixed40,1,20260626,10,330,-0.0480882827687026
Forget random fixed40,1,20260626,11,360,-0.0370528193715011
Forget random fixed40,1,20260626,12,390,-0.0239339289049415
Forget random fixed40,1,20260626,13,420,-0.0183880131079356
Forget random fixed40,1,20260626,14,450,-0.0157020073939257
Forget random fixed40,1,20260626,15,480,-0.0149150361887742
Forget random fixed40,1,20260626,16,510,-0.0130140094252698
Forget random fixed40,1,20260626,17,540,-0.0109010752240551
Forget random fixed40,1,20260626,18,570,-0.0069357284303225
Forget random fixed40,1,20260626,19,600,-0.0039118943384653
Forget random fixed40,1,20260626,20,630,-0.0014679792697137
Forget random fixed40,1,20260626,21,660,0.0006057839389782
Forget random fixed40,1,20260626,22,690,0.0023055014066716
Forget random fixed40,1,20260626,23,720,0.0062720857530116
Forget random fixed40,1,20260626,24,750,0.0109092539025871
Forget random fixed40,1,20260626,25,780,0.0137350751659924
Forget random fixed40,1,20260626,26,810,0.0151157123220949
Forget random fixed40,1,20260626,27,840,0.0170849359414377
Forget random fixed40,1,20260626,28,870,0.0188558668231204
Forget random fixed40,1,20260626,29,900,0.0202742487026149
Forget random fixed40,1,20260626,30,930,0.0221636070717642
Forget random fixed40,1,20260626,31,960,0.0243746712725444
Forget random fixed40,1,20260626,32,990,0.0262879782788953
Forget random fixed40,1,20260626,33,1020,0.0278949203454387
Forget random fixed40,1,20260626,34,1050,0.0293421002655127
Forget random fixed40,1,20260626,35,1080,0.0303368133273801
Forget random fixed40,1,20260626,36,1110,0.030614435037205
Forget random fixed40,1,20260626,37,1140,0.0302493840980409
Forget random fixed40,1,20260626,38,1170,0.0296043625796085
Forget random fixed40,1,20260626,39,1200,0.0293627487562605
Forget random fixed40,1,20260626,40,1230,0.0288104237313622
Forget random fixed40,1,20260626,41,1260,0.0284715056299714
Forget random fixed40,1,20260626,42,1290,0.0282015787029467
Forget random fixed40,1,20260626,43,1320,0.0279400856423445
Forget random fixed40,1,20260626,44,1350,0.0277466136935483
Forget random fixed40,1,20260626,45,1380,0.0276249751578635
Forget random fixed40,1,20260626,46,1410,0.0275743274931799
Forget random fixed40,1,20260626,47,1440,0.0275420022645022
Forget random fixed40,1,20260626,48,1470,0.0275361210590296
Forget random fixed40,1,20260626,49,1500,0.0275242176794533
Forget random fixed40,1,20260626,50,1530,0.0275420397668075
Forget random fixed40,1,20260626,51,1560,0.0276085794170501
Forget random fixed40,1,20260626,52,1590,0.0276904799791228
Forget random fixed40,1,20260626,53,1620,0.0277121252998514
Forget random fixed40,1,20260626,54,1650,0.0276809165017702
Forget random fixed40,1,20260626,55,1680,0.0276316490010918
Forget random fixed40,1,20260626,56,1710,0.0275761781217336
Forget random fixed40,1,20260626,57,1740,0.027525199118347
Forget random fixed40,1,20260626,58,1770,0.0275203496047577
Forget random fixed40,1,20260626,59,1800,0.0275632646986294
Forget random fixed40,1,20260626,60,1830,0.0276271287565796
Forget random fixed40,1,20260626,61,1860,0.0276625196134645
Forget random fixed40,1,20260626,62,1890,0.0276677774049826
Forget random fixed40,1,20260626,63,1920,0.0276599429513625
Forget random fixed40,1,20260626,64,1950,0.0276718785305058
Forget random fixed40,1,20260626,65,1980,0.0277292881915727
Forget random fixed40,1,20260626,66,2010,0.0278041736573938
Forget random fixed40,1,20260626,67,2040,0.027877043608288
Forget random fixed40,1,20260626,68,2070,0.0279132642573704
Forget random fixed40,1,20260626,69,2100,0.0278970524372989
Forget random fixed40,1,20260626,70,2130,0.0278650511710133
Forget random fixed40,1,20260626,71,2160,0.0278275699377392
Forget random fixed40,1,20260626,72,2190,0.0277952341620014
Forget random fixed40,1,20260626,73,2220,0.0277677467257802
Forget random fixed40,1,20260626,74,2250,0.0277469011076691
Forget random fixed40,1,20260626,75,2280,0.0277228759453522
Forget random fixed40,1,20260626,76,2310,0.0277019974489259
Forget random fixed40,1,20260626,77,2340,0.0276810705171373
Forget random fixed40,1,20260626,78,2370,0.0276618940612703
Forget random fixed40,1,20260626,79,2400,0.0276547079997478
Forget random fixed40,1,20260626,80,2430,0.0276580305479387
Forget random fixed40,1,20260626,81,2460,0.027662820695768
Forget random fixed40,1,20260626,82,2490,0.0276614662449087
Forget random fixed40,1,20260626,83,2520,0.0276589349393825
Forget random fixed40,2,20260627,3,120,0.0194870499667617
Forget random fixed40,2,20260627,4,150,0.0445047365306381
Forget random fixed40,2,20260627,5,180,0.0518905683620836
Forget random fixed40,2,20260627,6,210,0.0726726884970866
Forget random fixed40,2,20260627,7,240,0.0579365915215258
Forget random fixed40,2,20260627,8,270,0.0451190672752661
Forget random fixed40,2,20260627,9,300,0.047120181031694
Forget random fixed40,2,20260627,10,330,0.0422165302478896
Forget random fixed40,2,20260627,11,360,0.0312464269039787
Forget random fixed40,2,20260627,12,390,0.0216845857003283
Forget random fixed40,2,20260627,13,420,0.0083303408627533
Forget random fixed40,2,20260627,14,450,-0.0032799946237557
Forget random fixed40,2,20260627,15,480,-0.0099772762223558
Forget random fixed40,2,20260627,16,510,-0.0104453477405263
Forget random fixed40,2,20260627,17,540,-0.0098136877531497
Forget random fixed40,2,20260627,18,570,-0.0055298667110794
Forget random fixed40,2,20260627,19,600,-0.0035428726383724
Forget random fixed40,2,20260627,20,630,-0.0047501108129833
Forget random fixed40,2,20260627,21,660,-0.0084142912470431
Forget random fixed40,2,20260627,22,690,-0.0106437140622586
Forget random fixed40,2,20260627,23,720,-0.0109595496121476
Forget random fixed40,2,20260627,24,750,-0.0097985057718817
Forget random fixed40,2,20260627,25,780,-0.0088994978703108
Forget random fixed40,2,20260627,26,810,-0.0075450628098754
Forget random fixed40,2,20260627,27,840,-0.0059144154268602
Forget random fixed40,2,20260627,28,870,-0.0056936353063701
Forget random fixed40,2,20260627,29,900,-0.0058784617640205
Forget random fixed40,2,20260627,30,930,-0.0058797510595965
Forget random fixed40,2,20260627,31,960,-0.0056508611166421
Forget random fixed40,2,20260627,32,990,-0.0056728083071887
Forget random fixed40,2,20260627,33,1020,-0.0062986809262052
Forget random fixed40,2,20260627,34,1050,-0.007402493771873
Forget random fixed40,2,20260627,35,1080,-0.0084745940422008
Forget random fixed40,2,20260627,36,1110,-0.0094579523845044
Forget random fixed40,2,20260627,37,1140,-0.0107771099321748
Forget random fixed40,2,20260627,38,1170,-0.0120075589258691
Forget random fixed40,2,20260627,39,1200,-0.0129479659796789
Forget random fixed40,2,20260627,40,1230,-0.0134850196616355
Forget random fixed40,2,20260627,41,1260,-0.0135700271958315
Forget random fixed40,2,20260627,42,1290,-0.0136014556972466
Forget random fixed40,2,20260627,43,1320,-0.0136280871810136
Forget random fixed40,2,20260627,44,1350,-0.0136851631905371
Forget random fixed40,2,20260627,45,1380,-0.0137805612644841
Forget random fixed40,2,20260627,46,1410,-0.0139116777661901
Forget random fixed40,2,20260627,47,1440,-0.0140596164894232
Forget random fixed40,2,20260627,48,1470,-0.014239881435588
Forget random fixed40,2,20260627,49,1500,-0.0144511783338716
Forget random fixed40,2,20260627,50,1530,-0.0146150432635424
Forget random fixed40,2,20260627,51,1560,-0.0146150432635424
Forget random fixed40,2,20260627,52,1590,-0.0146150432635424
Forget random fixed40,2,20260627,53,1620,-0.0146150432635424
Forget random fixed40,2,20260627,54,1650,-0.0146150432635424
Forget random fixed40,2,20260627,55,1680,-0.0146150432635424
Forget random fixed40,2,20260627,56,1710,-0.0146150432635424
Forget random fixed40,2,20260627,57,1740,-0.0146150432635424
Forget random fixed40,2,20260627,58,1770,-0.0146150432635424
Forget random fixed40,2,20260627,59,1800,-0.0146150432635424
Forget random fixed40,2,20260627,60,1830,-0.0146150432635424
Forget random fixed40,2,20260627,61,1860,-0.0146150432635424
Forget random fixed40,2,20260627,62,1890,-0.0146150432635424
Forget random fixed40,2,20260627,63,1920,-0.0146150432635424
Forget random fixed40,2,20260627,64,1950,-0.0146150432635424
Forget random fixed40,2,20260627,65,1980,-0.0146150432635424
Forget random fixed40,2,20260627,66,2010,-0.0146150432635424
Forget random fixed40,2,20260627,67,2040,-0.0146150432635424
Forget random fixed40,2,20260627,68,2070,-0.0146150432635424
Forget random fixed40,2,20260627,69,2100,-0.0146150432635424
Forget random fixed40,2,20260627,70,2130,-0.0146150432635424
Forget random fixed40,2,20260627,71,2160,-0.0146150432635424
Forget random fixed40,2,20260627,72,2190,-0.0146150432635424
Forget random fixed40,2,20260627,73,2220,-0.0146150432635424
Forget random fixed40,2,20260627,74,2250,-0.0146150432635424
Forget random fixed40,2,20260627,75,2280,-0.0146150432635424
Forget random fixed40,2,20260627,76,2310,-0.0146150432635424
Forget random fixed40,2,20260627,77,2340,-0.0146150432635424
Forget random fixed40,2,20260627,78,2370,-0.0146150432635424
Forget random fixed40,2,20260627,79,2400,-0.0146150432635424
Forget random fixed40,2,20260627,80,2430,-0.0146150432635424
Forget random fixed40,2,20260627,81,2460,-0.0146150432635424
Forget random fixed40,2,20260627,82,2490,-0.0146150432635424
Forget random fixed40,2,20260627,83,2520,-0.0146150432635424
Forget random fixed40,3,20260628,3,120,0.0299227895984476
Forget random fixed40,3,20260628,4,150,0.0717708612825468
Forget random fixed40,3,20260628,5,180,0.1042175521001539
Forget random fixed40,3,20260628,6,210,0.1567597714467572
Forget random fixed40,3,20260628,7,240,0.180207372300287
Forget random fixed40,3,20260628,8,270,0.181597186726055
Forget random fixed40,3,20260628,9,300,0.1967640976048081
Forget random fixed40,3,20260628,10,330,0.2069031420204605
Forget random fixed40,3,20260628,11,360,0.207898974832549
Forget random fixed40,3,20260628,12,390,0.2099667645937045
Forget random fixed40,3,20260628,13,420,0.2124228336562922
Forget random fixed40,3,20260628,14,450,0.2149071668289535
Forget random fixed40,3,20260628,15,480,0.2136185852214703
Forget random fixed40,3,20260628,16,510,0.2113241003430269
Forget random fixed40,3,20260628,17,540,0.2081288612869055
Forget random fixed40,3,20260628,18,570,0.2053006285326816
Forget random fixed40,3,20260628,19,600,0.2026341505411713
Forget random fixed40,3,20260628,20,630,0.2006532815636864
Forget random fixed40,3,20260628,21,660,0.2006526975296791
Forget random fixed40,3,20260628,22,690,0.2019703365064126
Forget random fixed40,3,20260628,23,720,0.204750418451619
Forget random fixed40,3,20260628,24,750,0.2078377624763908
Forget random fixed40,3,20260628,25,780,0.2105391751815318
Forget random fixed40,3,20260628,26,810,0.2126848012616291
Forget random fixed40,3,20260628,27,840,0.2150687950259492
Forget random fixed40,3,20260628,28,870,0.2162179383039977
Forget random fixed40,3,20260628,29,900,0.2168871832233668
Forget random fixed40,3,20260628,30,930,0.2183771463499542
Forget random fixed40,3,20260628,31,960,0.2206863370152749
Forget random fixed40,3,20260628,32,990,0.2223527289017034
Forget random fixed40,3,20260628,33,1020,0.2236588410591892
Forget random fixed40,3,20260628,34,1050,0.2248390672824266
Forget random fixed40,3,20260628,35,1080,0.2261047275231943
Forget random fixed40,3,20260628,36,1110,0.2271020090556992
Forget random fixed40,3,20260628,37,1140,0.2277049362776798
Forget random fixed40,3,20260628,38,1170,0.2280944279472476
Forget random fixed40,3,20260628,39,1200,0.2285463463065739
Forget random fixed40,3,20260628,40,1230,0.2289667623366357
Forget random fixed40,3,20260628,41,1260,0.2290072816434712
Forget random fixed40,3,20260628,42,1290,0.2290312485182935
Forget random fixed40,3,20260628,43,1320,0.2290565119280373
Forget random fixed40,3,20260628,44,1350,0.2290855029115063
Forget random fixed40,3,20260628,45,1380,0.2290855029115063
Forget random fixed40,3,20260628,46,1410,0.2290855029115063
Forget random fixed40,3,20260628,47,1440,0.2290855029115063
Forget random fixed40,3,20260628,48,1470,0.2290855029115063
Forget random fixed40,3,20260628,49,1500,0.2290855029115063
Forget random fixed40,3,20260628,50,1530,0.2290855029115063
Forget random fixed40,3,20260628,51,1560,0.2290855029115063
Forget random fixed40,3,20260628,52,1590,0.2290855029115063
Forget random fixed40,3,20260628,53,1620,0.2290855029115063
Forget random fixed40,3,20260628,54,1650,0.2290855029115063
Forget random fixed40,3,20260628,55,1680,0.2290855029115063
Forget random fixed40,3,20260628,56,1710,0.2290855029115063
Forget random fixed40,3,20260628,57,1740,0.2290855029115063
Forget random fixed40,3,20260628,58,1770,0.2290855029115063
Forget random fixed40,3,20260628,59,1800,0.2290855029115063
Forget random fixed40,3,20260628,60,1830,0.2290855029115063
Forget random fixed40,3,20260628,61,1860,0.2290855029115063
Forget random fixed40,3,20260628,62,1890,0.2290855029115063
Forget random fixed40,3,20260628,63,1920,0.2290855029115063
Forget random fixed40,3,20260628,64,1950,0.2290855029115063
Forget random fixed40,3,20260628,65,1980,0.2290855029115063
Forget random fixed40,3,20260628,66,2010,0.2290855029115063
Forget random fixed40,3,20260628,67,2040,0.2290855029115063
Forget random fixed40,3,20260628,68,2070,0.2290855029115063
Forget random fixed40,3,20260628,69,2100,0.2290855029115063
Forget random fixed40,3,20260628,70,2130,0.2290855029115063
Forget random fixed40,3,20260628,71,2160,0.2290855029115063
Forget random fixed40,3,20260628,72,2190,0.2290855029115063
Forget random fixed40,3,20260628,73,2220,0.2290855029115063
Forget random fixed40,3,20260628,74,2250,0.2290855029115063
Forget random fixed40,3,20260628,75,2280,0.2290855029115063
Forget random fixed40,3,20260628,76,2310,0.2290855029115063
Forget random fixed40,3,20260628,77,2340,0.2290855029115063
Forget random fixed40,3,20260628,78,2370,0.2290855029115063
Forget random fixed40,3,20260628,79,2400,0.2290855029115063
Forget random fixed40,3,20260628,80,2430,0.2290855029115063
Forget random fixed40,3,20260628,81,2460,0.2290855029115063
Forget random fixed40,3,20260628,82,2490,0.2290855029115063
Forget random fixed40,3,20260628,83,2520,0.2290855029115063
